Hora_Num,Hora_24,Hora_12,Intervalo_15,Intervalo_30,Intervalo_60,Franja_AMPM,Franja_Turno,Tipo_Recargo_Hora
0,00:00:00,00:00:00,00:00:00,00:00:00,00:00:00,AM,Noche,Nocturno
60,00:01:00,00:01:00,00:00:00,00:00:00,00:00:00,AM,Noche,Nocturno
120,00:02:00,00:02:00,00:00:00,00:00:00,00:00:00,AM,Noche,Nocturno
180,00:03:00,00:03:00,00:00:00,00:00:00,00:00:00,AM,Noche,Nocturno
240,00:04:00,00:04:00,00:00:00,00:00:00,00:00:00,AM,Noche,Nocturno
300,00:05:00,00:05:00,00:00:00,00:00:00,00:00:00,AM,Noche,Nocturno
360,00:06:00,00:06:00,00:00:00,00:00:00,00:00:00,AM,Noche,Nocturno
420,00:07:00,00:07:00,00:00:00,00:00:00,00:00:00,AM,Noche,Nocturno
480,00:08:00,00:08:00,00:00:00,00:00:00,00:00:00,AM,Noche,Nocturno
540,00:09:00,00:09:00,00:00:00,00:00:00,00:00:00,AM,Noche,Nocturno
600,00:10:00,00:10:00,00:00:00,00:00:00,00:00:00,AM,Noche,Nocturno
660,00:11:00,00:11:00,00:00:00,00:00:00,00:00:00,AM,Noche,Nocturno
720,00:12:00,00:12:00,00:00:00,00:00:00,00:00:00,AM,Noche,Nocturno
780,00:13:00,00:13:00,00:00:00,00:00:00,00:00:00,AM,Noche,Nocturno
840,00:14:00,00:14:00,00:00:00,00:00:00,00:00:00,AM,Noche,Nocturno
900,00:15:00,00:15:00,00:15:00,00:00:00,00:00:00,AM,Noche,Nocturno
960,00:16:00,00:16:00,00:15:00,00:00:00,00:00:00,AM,Noche,Nocturno
1020,00:17:00,00:17:00,00:15:00,00:00:00,00:00:00,AM,Noche,Nocturno
1080,00:18:00,00:18:00,00:15:00,00:00:00,00:00:00,AM,Noche,Nocturno
1140,00:19:00,00:19:00,00:15:00,00:00:00,00:00:00,AM,Noche,Nocturno
1200,00:20:00,00:20:00,00:15:00,00:00:00,00:00:00,AM,Noche,Nocturno
1260,00:21:00,00:21:00,00:15:00,00:00:00,00:00:00,AM,Noche,Nocturno
1320,00:22:00,00:22:00,00:15:00,00:00:00,00:00:00,AM,Noche,Nocturno
1380,00:23:00,00:23:00,00:15:00,00:00:00,00:00:00,AM,Noche,Nocturno
1440,00:24:00,00:24:00,00:15:00,00:00:00,00:00:00,AM,Noche,Nocturno
1500,00:25:00,00:25:00,00:15:00,00:00:00,00:00:00,AM,Noche,Nocturno
1560,00:26:00,00:26:00,00:15:00,00:00:00,00:00:00,AM,Noche,Nocturno
1620,00:27:00,00:27:00,00:15:00,00:00:00,00:00:00,AM,Noche,Nocturno
1680,00:28:00,00:28:00,00:15:00,00:00:00,00:00:00,AM,Noche,Nocturno
1740,00:29:00,00:29:00,00:15:00,00:00:00,00:00:00,AM,Noche,Nocturno
1800,00:30:00,00:30:00,00:30:00,00:30:00,00:00:00,AM,Noche,Nocturno
1860,00:31:00,00:31:00,00:30:00,00:30:00,00:00:00,AM,Noche,Nocturno
1920,00:32:00,00:32:00,00:30:00,00:30:00,00:00:00,AM,Noche,Nocturno
1980,00:33:00,00:33:00,00:30:00,00:30:00,00:00:00,AM,Noche,Nocturno
2040,00:34:00,00:34:00,00:30:00,00:30:00,00:00:00,AM,Noche,Nocturno
2100,00:35:00,00:35:00,00:30:00,00:30:00,00:00:00,AM,Noche,Nocturno
2160,00:36:00,00:36:00,00:30:00,00:30:00,00:00:00,AM,Noche,Nocturno
2220,00:37:00,00:37:00,00:30:00,00:30:00,00:00:00,AM,Noche,Nocturno
2280,00:38:00,00:38:00,00:30:00,00:30:00,00:00:00,AM,Noche,Nocturno
2340,00:39:00,00:39:00,00:30:00,00:30:00,00:00:00,AM,Noche,Nocturno
2400,00:40:00,00:40:00,00:30:00,00:30:00,00:00:00,AM,Noche,Nocturno
2460,00:41:00,00:41:00,00:30:00,00:30:00,00:00:00,AM,Noche,Nocturno
2520,00:42:00,00:42:00,00:30:00,00:30:00,00:00:00,AM,Noche,Nocturno
2580,00:43:00,00:43:00,00:30:00,00:30:00,00:00:00,AM,Noche,Nocturno
2640,00:44:00,00:44:00,00:30:00,00:30:00,00:00:00,AM,Noche,Nocturno
2700,00:45:00,00:45:00,00:45:00,00:30:00,00:00:00,AM,Noche,Nocturno
2760,00:46:00,00:46:00,00:45:00,00:30:00,00:00:00,AM,Noche,Nocturno
2820,00:47:00,00:47:00,00:45:00,00:30:00,00:00:00,AM,Noche,Nocturno
2880,00:48:00,00:48:00,00:45:00,00:30:00,00:00:00,AM,Noche,Nocturno
2940,00:49:00,00:49:00,00:45:00,00:30:00,00:00:00,AM,Noche,Nocturno
3000,00:50:00,00:50:00,00:45:00,00:30:00,00:00:00,AM,Noche,Nocturno
3060,00:51:00,00:51:00,00:45:00,00:30:00,00:00:00,AM,Noche,Nocturno
3120,00:52:00,00:52:00,00:45:00,00:30:00,00:00:00,AM,Noche,Nocturno
3180,00:53:00,00:53:00,00:45:00,00:30:00,00:00:00,AM,Noche,Nocturno
3240,00:54:00,00:54:00,00:45:00,00:30:00,00:00:00,AM,Noche,Nocturno
3300,00:55:00,00:55:00,00:45:00,00:30:00,00:00:00,AM,Noche,Nocturno
3360,00:56:00,00:56:00,00:45:00,00:30:00,00:00:00,AM,Noche,Nocturno
3420,00:57:00,00:57:00,00:45:00,00:30:00,00:00:00,AM,Noche,Nocturno
3480,00:58:00,00:58:00,00:45:00,00:30:00,00:00:00,AM,Noche,Nocturno
3540,00:59:00,00:59:00,00:45:00,00:30:00,00:00:00,AM,Noche,Nocturno
3600,01:00:00,01:00:00,01:00:00,01:00:00,01:00:00,AM,Noche,Nocturno
3660,01:01:00,01:01:00,01:00:00,01:00:00,01:00:00,AM,Noche,Nocturno
3720,01:02:00,01:02:00,01:00:00,01:00:00,01:00:00,AM,Noche,Nocturno
3780,01:03:00,01:03:00,01:00:00,01:00:00,01:00:00,AM,Noche,Nocturno
3840,01:04:00,01:04:00,01:00:00,01:00:00,01:00:00,AM,Noche,Nocturno
3900,01:05:00,01:05:00,01:00:00,01:00:00,01:00:00,AM,Noche,Nocturno
3960,01:06:00,01:06:00,01:00:00,01:00:00,01:00:00,AM,Noche,Nocturno
4020,01:07:00,01:07:00,01:00:00,01:00:00,01:00:00,AM,Noche,Nocturno
4080,01:08:00,01:08:00,01:00:00,01:00:00,01:00:00,AM,Noche,Nocturno
4140,01:09:00,01:09:00,01:00:00,01:00:00,01:00:00,AM,Noche,Nocturno
4200,01:10:00,01:10:00,01:00:00,01:00:00,01:00:00,AM,Noche,Nocturno
4260,01:11:00,01:11:00,01:00:00,01:00:00,01:00:00,AM,Noche,Nocturno
4320,01:12:00,01:12:00,01:00:00,01:00:00,01:00:00,AM,Noche,Nocturno
4380,01:13:00,01:13:00,01:00:00,01:00:00,01:00:00,AM,Noche,Nocturno
4440,01:14:00,01:14:00,01:00:00,01:00:00,01:00:00,AM,Noche,Nocturno
4500,01:15:00,01:15:00,01:15:00,01:00:00,01:00:00,AM,Noche,Nocturno
4560,01:16:00,01:16:00,01:15:00,01:00:00,01:00:00,AM,Noche,Nocturno
4620,01:17:00,01:17:00,01:15:00,01:00:00,01:00:00,AM,Noche,Nocturno
4680,01:18:00,01:18:00,01:15:00,01:00:00,01:00:00,AM,Noche,Nocturno
4740,01:19:00,01:19:00,01:15:00,01:00:00,01:00:00,AM,Noche,Nocturno
4800,01:20:00,01:20:00,01:15:00,01:00:00,01:00:00,AM,Noche,Nocturno
4860,01:21:00,01:21:00,01:15:00,01:00:00,01:00:00,AM,Noche,Nocturno
4920,01:22:00,01:22:00,01:15:00,01:00:00,01:00:00,AM,Noche,Nocturno
4980,01:23:00,01:23:00,01:15:00,01:00:00,01:00:00,AM,Noche,Nocturno
5040,01:24:00,01:24:00,01:15:00,01:00:00,01:00:00,AM,Noche,Nocturno
5100,01:25:00,01:25:00,01:15:00,01:00:00,01:00:00,AM,Noche,Nocturno
5160,01:26:00,01:26:00,01:15:00,01:00:00,01:00:00,AM,Noche,Nocturno
5220,01:27:00,01:27:00,01:15:00,01:00:00,01:00:00,AM,Noche,Nocturno
5280,01:28:00,01:28:00,01:15:00,01:00:00,01:00:00,AM,Noche,Nocturno
5340,01:29:00,01:29:00,01:15:00,01:00:00,01:00:00,AM,Noche,Nocturno
5400,01:30:00,01:30:00,01:30:00,01:30:00,01:00:00,AM,Noche,Nocturno
5460,01:31:00,01:31:00,01:30:00,01:30:00,01:00:00,AM,Noche,Nocturno
5520,01:32:00,01:32:00,01:30:00,01:30:00,01:00:00,AM,Noche,Nocturno
5580,01:33:00,01:33:00,01:30:00,01:30:00,01:00:00,AM,Noche,Nocturno
5640,01:34:00,01:34:00,01:30:00,01:30:00,01:00:00,AM,Noche,Nocturno
5700,01:35:00,01:35:00,01:30:00,01:30:00,01:00:00,AM,Noche,Nocturno
5760,01:36:00,01:36:00,01:30:00,01:30:00,01:00:00,AM,Noche,Nocturno
5820,01:37:00,01:37:00,01:30:00,01:30:00,01:00:00,AM,Noche,Nocturno
5880,01:38:00,01:38:00,01:30:00,01:30:00,01:00:00,AM,Noche,Nocturno
5940,01:39:00,01:39:00,01:30:00,01:30:00,01:00:00,AM,Noche,Nocturno
6000,01:40:00,01:40:00,01:30:00,01:30:00,01:00:00,AM,Noche,Nocturno
6060,01:41:00,01:41:00,01:30:00,01:30:00,01:00:00,AM,Noche,Nocturno
6120,01:42:00,01:42:00,01:30:00,01:30:00,01:00:00,AM,Noche,Nocturno
6180,01:43:00,01:43:00,01:30:00,01:30:00,01:00:00,AM,Noche,Nocturno
6240,01:44:00,01:44:00,01:30:00,01:30:00,01:00:00,AM,Noche,Nocturno
6300,01:45:00,01:45:00,01:45:00,01:30:00,01:00:00,AM,Noche,Nocturno
6360,01:46:00,01:46:00,01:45:00,01:30:00,01:00:00,AM,Noche,Nocturno
6420,01:47:00,01:47:00,01:45:00,01:30:00,01:00:00,AM,Noche,Nocturno
6480,01:48:00,01:48:00,01:45:00,01:30:00,01:00:00,AM,Noche,Nocturno
6540,01:49:00,01:49:00,01:45:00,01:30:00,01:00:00,AM,Noche,Nocturno
6600,01:50:00,01:50:00,01:45:00,01:30:00,01:00:00,AM,Noche,Nocturno
6660,01:51:00,01:51:00,01:45:00,01:30:00,01:00:00,AM,Noche,Nocturno
6720,01:52:00,01:52:00,01:45:00,01:30:00,01:00:00,AM,Noche,Nocturno
6780,01:53:00,01:53:00,01:45:00,01:30:00,01:00:00,AM,Noche,Nocturno
6840,01:54:00,01:54:00,01:45:00,01:30:00,01:00:00,AM,Noche,Nocturno
6900,01:55:00,01:55:00,01:45:00,01:30:00,01:00:00,AM,Noche,Nocturno
6960,01:56:00,01:56:00,01:45:00,01:30:00,01:00:00,AM,Noche,Nocturno
7020,01:57:00,01:57:00,01:45:00,01:30:00,01:00:00,AM,Noche,Nocturno
7080,01:58:00,01:58:00,01:45:00,01:30:00,01:00:00,AM,Noche,Nocturno
7140,01:59:00,01:59:00,01:45:00,01:30:00,01:00:00,AM,Noche,Nocturno
7200,02:00:00,02:00:00,02:00:00,02:00:00,02:00:00,AM,Noche,Nocturno
7260,02:01:00,02:01:00,02:00:00,02:00:00,02:00:00,AM,Noche,Nocturno
7320,02:02:00,02:02:00,02:00:00,02:00:00,02:00:00,AM,Noche,Nocturno
7380,02:03:00,02:03:00,02:00:00,02:00:00,02:00:00,AM,Noche,Nocturno
7440,02:04:00,02:04:00,02:00:00,02:00:00,02:00:00,AM,Noche,Nocturno
7500,02:05:00,02:05:00,02:00:00,02:00:00,02:00:00,AM,Noche,Nocturno
7560,02:06:00,02:06:00,02:00:00,02:00:00,02:00:00,AM,Noche,Nocturno
7620,02:07:00,02:07:00,02:00:00,02:00:00,02:00:00,AM,Noche,Nocturno
7680,02:08:00,02:08:00,02:00:00,02:00:00,02:00:00,AM,Noche,Nocturno
7740,02:09:00,02:09:00,02:00:00,02:00:00,02:00:00,AM,Noche,Nocturno
7800,02:10:00,02:10:00,02:00:00,02:00:00,02:00:00,AM,Noche,Nocturno
7860,02:11:00,02:11:00,02:00:00,02:00:00,02:00:00,AM,Noche,Nocturno
7920,02:12:00,02:12:00,02:00:00,02:00:00,02:00:00,AM,Noche,Nocturno
7980,02:13:00,02:13:00,02:00:00,02:00:00,02:00:00,AM,Noche,Nocturno
8040,02:14:00,02:14:00,02:00:00,02:00:00,02:00:00,AM,Noche,Nocturno
8100,02:15:00,02:15:00,02:15:00,02:00:00,02:00:00,AM,Noche,Nocturno
8160,02:16:00,02:16:00,02:15:00,02:00:00,02:00:00,AM,Noche,Nocturno
8220,02:17:00,02:17:00,02:15:00,02:00:00,02:00:00,AM,Noche,Nocturno
8280,02:18:00,02:18:00,02:15:00,02:00:00,02:00:00,AM,Noche,Nocturno
8340,02:19:00,02:19:00,02:15:00,02:00:00,02:00:00,AM,Noche,Nocturno
8400,02:20:00,02:20:00,02:15:00,02:00:00,02:00:00,AM,Noche,Nocturno
8460,02:21:00,02:21:00,02:15:00,02:00:00,02:00:00,AM,Noche,Nocturno
8520,02:22:00,02:22:00,02:15:00,02:00:00,02:00:00,AM,Noche,Nocturno
8580,02:23:00,02:23:00,02:15:00,02:00:00,02:00:00,AM,Noche,Nocturno
8640,02:24:00,02:24:00,02:15:00,02:00:00,02:00:00,AM,Noche,Nocturno
8700,02:25:00,02:25:00,02:15:00,02:00:00,02:00:00,AM,Noche,Nocturno
8760,02:26:00,02:26:00,02:15:00,02:00:00,02:00:00,AM,Noche,Nocturno
8820,02:27:00,02:27:00,02:15:00,02:00:00,02:00:00,AM,Noche,Nocturno
8880,02:28:00,02:28:00,02:15:00,02:00:00,02:00:00,AM,Noche,Nocturno
8940,02:29:00,02:29:00,02:15:00,02:00:00,02:00:00,AM,Noche,Nocturno
9000,02:30:00,02:30:00,02:30:00,02:30:00,02:00:00,AM,Noche,Nocturno
9060,02:31:00,02:31:00,02:30:00,02:30:00,02:00:00,AM,Noche,Nocturno
9120,02:32:00,02:32:00,02:30:00,02:30:00,02:00:00,AM,Noche,Nocturno
9180,02:33:00,02:33:00,02:30:00,02:30:00,02:00:00,AM,Noche,Nocturno
9240,02:34:00,02:34:00,02:30:00,02:30:00,02:00:00,AM,Noche,Nocturno
9300,02:35:00,02:35:00,02:30:00,02:30:00,02:00:00,AM,Noche,Nocturno
9360,02:36:00,02:36:00,02:30:00,02:30:00,02:00:00,AM,Noche,Nocturno
9420,02:37:00,02:37:00,02:30:00,02:30:00,02:00:00,AM,Noche,Nocturno
9480,02:38:00,02:38:00,02:30:00,02:30:00,02:00:00,AM,Noche,Nocturno
9540,02:39:00,02:39:00,02:30:00,02:30:00,02:00:00,AM,Noche,Nocturno
9600,02:40:00,02:40:00,02:30:00,02:30:00,02:00:00,AM,Noche,Nocturno
9660,02:41:00,02:41:00,02:30:00,02:30:00,02:00:00,AM,Noche,Nocturno
9720,02:42:00,02:42:00,02:30:00,02:30:00,02:00:00,AM,Noche,Nocturno
9780,02:43:00,02:43:00,02:30:00,02:30:00,02:00:00,AM,Noche,Nocturno
9840,02:44:00,02:44:00,02:30:00,02:30:00,02:00:00,AM,Noche,Nocturno
9900,02:45:00,02:45:00,02:45:00,02:30:00,02:00:00,AM,Noche,Nocturno
9960,02:46:00,02:46:00,02:45:00,02:30:00,02:00:00,AM,Noche,Nocturno
10020,02:47:00,02:47:00,02:45:00,02:30:00,02:00:00,AM,Noche,Nocturno
10080,02:48:00,02:48:00,02:45:00,02:30:00,02:00:00,AM,Noche,Nocturno
10140,02:49:00,02:49:00,02:45:00,02:30:00,02:00:00,AM,Noche,Nocturno
10200,02:50:00,02:50:00,02:45:00,02:30:00,02:00:00,AM,Noche,Nocturno
10260,02:51:00,02:51:00,02:45:00,02:30:00,02:00:00,AM,Noche,Nocturno
10320,02:52:00,02:52:00,02:45:00,02:30:00,02:00:00,AM,Noche,Nocturno
10380,02:53:00,02:53:00,02:45:00,02:30:00,02:00:00,AM,Noche,Nocturno
10440,02:54:00,02:54:00,02:45:00,02:30:00,02:00:00,AM,Noche,Nocturno
10500,02:55:00,02:55:00,02:45:00,02:30:00,02:00:00,AM,Noche,Nocturno
10560,02:56:00,02:56:00,02:45:00,02:30:00,02:00:00,AM,Noche,Nocturno
10620,02:57:00,02:57:00,02:45:00,02:30:00,02:00:00,AM,Noche,Nocturno
10680,02:58:00,02:58:00,02:45:00,02:30:00,02:00:00,AM,Noche,Nocturno
10740,02:59:00,02:59:00,02:45:00,02:30:00,02:00:00,AM,Noche,Nocturno
10800,03:00:00,03:00:00,03:00:00,03:00:00,03:00:00,AM,Noche,Nocturno
10860,03:01:00,03:01:00,03:00:00,03:00:00,03:00:00,AM,Noche,Nocturno
10920,03:02:00,03:02:00,03:00:00,03:00:00,03:00:00,AM,Noche,Nocturno
10980,03:03:00,03:03:00,03:00:00,03:00:00,03:00:00,AM,Noche,Nocturno
11040,03:04:00,03:04:00,03:00:00,03:00:00,03:00:00,AM,Noche,Nocturno
11100,03:05:00,03:05:00,03:00:00,03:00:00,03:00:00,AM,Noche,Nocturno
11160,03:06:00,03:06:00,03:00:00,03:00:00,03:00:00,AM,Noche,Nocturno
11220,03:07:00,03:07:00,03:00:00,03:00:00,03:00:00,AM,Noche,Nocturno
11280,03:08:00,03:08:00,03:00:00,03:00:00,03:00:00,AM,Noche,Nocturno
11340,03:09:00,03:09:00,03:00:00,03:00:00,03:00:00,AM,Noche,Nocturno
11400,03:10:00,03:10:00,03:00:00,03:00:00,03:00:00,AM,Noche,Nocturno
11460,03:11:00,03:11:00,03:00:00,03:00:00,03:00:00,AM,Noche,Nocturno
11520,03:12:00,03:12:00,03:00:00,03:00:00,03:00:00,AM,Noche,Nocturno
11580,03:13:00,03:13:00,03:00:00,03:00:00,03:00:00,AM,Noche,Nocturno
11640,03:14:00,03:14:00,03:00:00,03:00:00,03:00:00,AM,Noche,Nocturno
11700,03:15:00,03:15:00,03:15:00,03:00:00,03:00:00,AM,Noche,Nocturno
11760,03:16:00,03:16:00,03:15:00,03:00:00,03:00:00,AM,Noche,Nocturno
11820,03:17:00,03:17:00,03:15:00,03:00:00,03:00:00,AM,Noche,Nocturno
11880,03:18:00,03:18:00,03:15:00,03:00:00,03:00:00,AM,Noche,Nocturno
11940,03:19:00,03:19:00,03:15:00,03:00:00,03:00:00,AM,Noche,Nocturno
12000,03:20:00,03:20:00,03:15:00,03:00:00,03:00:00,AM,Noche,Nocturno
12060,03:21:00,03:21:00,03:15:00,03:00:00,03:00:00,AM,Noche,Nocturno
12120,03:22:00,03:22:00,03:15:00,03:00:00,03:00:00,AM,Noche,Nocturno
12180,03:23:00,03:23:00,03:15:00,03:00:00,03:00:00,AM,Noche,Nocturno
12240,03:24:00,03:24:00,03:15:00,03:00:00,03:00:00,AM,Noche,Nocturno
12300,03:25:00,03:25:00,03:15:00,03:00:00,03:00:00,AM,Noche,Nocturno
12360,03:26:00,03:26:00,03:15:00,03:00:00,03:00:00,AM,Noche,Nocturno
12420,03:27:00,03:27:00,03:15:00,03:00:00,03:00:00,AM,Noche,Nocturno
12480,03:28:00,03:28:00,03:15:00,03:00:00,03:00:00,AM,Noche,Nocturno
12540,03:29:00,03:29:00,03:15:00,03:00:00,03:00:00,AM,Noche,Nocturno
12600,03:30:00,03:30:00,03:30:00,03:30:00,03:00:00,AM,Noche,Nocturno
12660,03:31:00,03:31:00,03:30:00,03:30:00,03:00:00,AM,Noche,Nocturno
12720,03:32:00,03:32:00,03:30:00,03:30:00,03:00:00,AM,Noche,Nocturno
12780,03:33:00,03:33:00,03:30:00,03:30:00,03:00:00,AM,Noche,Nocturno
12840,03:34:00,03:34:00,03:30:00,03:30:00,03:00:00,AM,Noche,Nocturno
12900,03:35:00,03:35:00,03:30:00,03:30:00,03:00:00,AM,Noche,Nocturno
12960,03:36:00,03:36:00,03:30:00,03:30:00,03:00:00,AM,Noche,Nocturno
13020,03:37:00,03:37:00,03:30:00,03:30:00,03:00:00,AM,Noche,Nocturno
13080,03:38:00,03:38:00,03:30:00,03:30:00,03:00:00,AM,Noche,Nocturno
13140,03:39:00,03:39:00,03:30:00,03:30:00,03:00:00,AM,Noche,Nocturno
13200,03:40:00,03:40:00,03:30:00,03:30:00,03:00:00,AM,Noche,Nocturno
13260,03:41:00,03:41:00,03:30:00,03:30:00,03:00:00,AM,Noche,Nocturno
13320,03:42:00,03:42:00,03:30:00,03:30:00,03:00:00,AM,Noche,Nocturno
13380,03:43:00,03:43:00,03:30:00,03:30:00,03:00:00,AM,Noche,Nocturno
13440,03:44:00,03:44:00,03:30:00,03:30:00,03:00:00,AM,Noche,Nocturno
13500,03:45:00,03:45:00,03:45:00,03:30:00,03:00:00,AM,Noche,Nocturno
13560,03:46:00,03:46:00,03:45:00,03:30:00,03:00:00,AM,Noche,Nocturno
13620,03:47:00,03:47:00,03:45:00,03:30:00,03:00:00,AM,Noche,Nocturno
13680,03:48:00,03:48:00,03:45:00,03:30:00,03:00:00,AM,Noche,Nocturno
13740,03:49:00,03:49:00,03:45:00,03:30:00,03:00:00,AM,Noche,Nocturno
13800,03:50:00,03:50:00,03:45:00,03:30:00,03:00:00,AM,Noche,Nocturno
13860,03:51:00,03:51:00,03:45:00,03:30:00,03:00:00,AM,Noche,Nocturno
13920,03:52:00,03:52:00,03:45:00,03:30:00,03:00:00,AM,Noche,Nocturno
13980,03:53:00,03:53:00,03:45:00,03:30:00,03:00:00,AM,Noche,Nocturno
14040,03:54:00,03:54:00,03:45:00,03:30:00,03:00:00,AM,Noche,Nocturno
14100,03:55:00,03:55:00,03:45:00,03:30:00,03:00:00,AM,Noche,Nocturno
14160,03:56:00,03:56:00,03:45:00,03:30:00,03:00:00,AM,Noche,Nocturno
14220,03:57:00,03:57:00,03:45:00,03:30:00,03:00:00,AM,Noche,Nocturno
14280,03:58:00,03:58:00,03:45:00,03:30:00,03:00:00,AM,Noche,Nocturno
14340,03:59:00,03:59:00,03:45:00,03:30:00,03:00:00,AM,Noche,Nocturno
14400,04:00:00,04:00:00,04:00:00,04:00:00,04:00:00,AM,Noche,Nocturno
14460,04:01:00,04:01:00,04:00:00,04:00:00,04:00:00,AM,Noche,Nocturno
14520,04:02:00,04:02:00,04:00:00,04:00:00,04:00:00,AM,Noche,Nocturno
14580,04:03:00,04:03:00,04:00:00,04:00:00,04:00:00,AM,Noche,Nocturno
14640,04:04:00,04:04:00,04:00:00,04:00:00,04:00:00,AM,Noche,Nocturno
14700,04:05:00,04:05:00,04:00:00,04:00:00,04:00:00,AM,Noche,Nocturno
14760,04:06:00,04:06:00,04:00:00,04:00:00,04:00:00,AM,Noche,Nocturno
14820,04:07:00,04:07:00,04:00:00,04:00:00,04:00:00,AM,Noche,Nocturno
14880,04:08:00,04:08:00,04:00:00,04:00:00,04:00:00,AM,Noche,Nocturno
14940,04:09:00,04:09:00,04:00:00,04:00:00,04:00:00,AM,Noche,Nocturno
15000,04:10:00,04:10:00,04:00:00,04:00:00,04:00:00,AM,Noche,Nocturno
15060,04:11:00,04:11:00,04:00:00,04:00:00,04:00:00,AM,Noche,Nocturno
15120,04:12:00,04:12:00,04:00:00,04:00:00,04:00:00,AM,Noche,Nocturno
15180,04:13:00,04:13:00,04:00:00,04:00:00,04:00:00,AM,Noche,Nocturno
15240,04:14:00,04:14:00,04:00:00,04:00:00,04:00:00,AM,Noche,Nocturno
15300,04:15:00,04:15:00,04:15:00,04:00:00,04:00:00,AM,Noche,Nocturno
15360,04:16:00,04:16:00,04:15:00,04:00:00,04:00:00,AM,Noche,Nocturno
15420,04:17:00,04:17:00,04:15:00,04:00:00,04:00:00,AM,Noche,Nocturno
15480,04:18:00,04:18:00,04:15:00,04:00:00,04:00:00,AM,Noche,Nocturno
15540,04:19:00,04:19:00,04:15:00,04:00:00,04:00:00,AM,Noche,Nocturno
15600,04:20:00,04:20:00,04:15:00,04:00:00,04:00:00,AM,Noche,Nocturno
15660,04:21:00,04:21:00,04:15:00,04:00:00,04:00:00,AM,Noche,Nocturno
15720,04:22:00,04:22:00,04:15:00,04:00:00,04:00:00,AM,Noche,Nocturno
15780,04:23:00,04:23:00,04:15:00,04:00:00,04:00:00,AM,Noche,Nocturno
15840,04:24:00,04:24:00,04:15:00,04:00:00,04:00:00,AM,Noche,Nocturno
15900,04:25:00,04:25:00,04:15:00,04:00:00,04:00:00,AM,Noche,Nocturno
15960,04:26:00,04:26:00,04:15:00,04:00:00,04:00:00,AM,Noche,Nocturno
16020,04:27:00,04:27:00,04:15:00,04:00:00,04:00:00,AM,Noche,Nocturno
16080,04:28:00,04:28:00,04:15:00,04:00:00,04:00:00,AM,Noche,Nocturno
16140,04:29:00,04:29:00,04:15:00,04:00:00,04:00:00,AM,Noche,Nocturno
16200,04:30:00,04:30:00,04:30:00,04:30:00,04:00:00,AM,Noche,Nocturno
16260,04:31:00,04:31:00,04:30:00,04:30:00,04:00:00,AM,Noche,Nocturno
16320,04:32:00,04:32:00,04:30:00,04:30:00,04:00:00,AM,Noche,Nocturno
16380,04:33:00,04:33:00,04:30:00,04:30:00,04:00:00,AM,Noche,Nocturno
16440,04:34:00,04:34:00,04:30:00,04:30:00,04:00:00,AM,Noche,Nocturno
16500,04:35:00,04:35:00,04:30:00,04:30:00,04:00:00,AM,Noche,Nocturno
16560,04:36:00,04:36:00,04:30:00,04:30:00,04:00:00,AM,Noche,Nocturno
16620,04:37:00,04:37:00,04:30:00,04:30:00,04:00:00,AM,Noche,Nocturno
16680,04:38:00,04:38:00,04:30:00,04:30:00,04:00:00,AM,Noche,Nocturno
16740,04:39:00,04:39:00,04:30:00,04:30:00,04:00:00,AM,Noche,Nocturno
16800,04:40:00,04:40:00,04:30:00,04:30:00,04:00:00,AM,Noche,Nocturno
16860,04:41:00,04:41:00,04:30:00,04:30:00,04:00:00,AM,Noche,Nocturno
16920,04:42:00,04:42:00,04:30:00,04:30:00,04:00:00,AM,Noche,Nocturno
16980,04:43:00,04:43:00,04:30:00,04:30:00,04:00:00,AM,Noche,Nocturno
17040,04:44:00,04:44:00,04:30:00,04:30:00,04:00:00,AM,Noche,Nocturno
17100,04:45:00,04:45:00,04:45:00,04:30:00,04:00:00,AM,Noche,Nocturno
17160,04:46:00,04:46:00,04:45:00,04:30:00,04:00:00,AM,Noche,Nocturno
17220,04:47:00,04:47:00,04:45:00,04:30:00,04:00:00,AM,Noche,Nocturno
17280,04:48:00,04:48:00,04:45:00,04:30:00,04:00:00,AM,Noche,Nocturno
17340,04:49:00,04:49:00,04:45:00,04:30:00,04:00:00,AM,Noche,Nocturno
17400,04:50:00,04:50:00,04:45:00,04:30:00,04:00:00,AM,Noche,Nocturno
17460,04:51:00,04:51:00,04:45:00,04:30:00,04:00:00,AM,Noche,Nocturno
17520,04:52:00,04:52:00,04:45:00,04:30:00,04:00:00,AM,Noche,Nocturno
17580,04:53:00,04:53:00,04:45:00,04:30:00,04:00:00,AM,Noche,Nocturno
17640,04:54:00,04:54:00,04:45:00,04:30:00,04:00:00,AM,Noche,Nocturno
17700,04:55:00,04:55:00,04:45:00,04:30:00,04:00:00,AM,Noche,Nocturno
17760,04:56:00,04:56:00,04:45:00,04:30:00,04:00:00,AM,Noche,Nocturno
17820,04:57:00,04:57:00,04:45:00,04:30:00,04:00:00,AM,Noche,Nocturno
17880,04:58:00,04:58:00,04:45:00,04:30:00,04:00:00,AM,Noche,Nocturno
17940,04:59:00,04:59:00,04:45:00,04:30:00,04:00:00,AM,Noche,Nocturno
18000,05:00:00,05:00:00,05:00:00,05:00:00,05:00:00,AM,Noche,Nocturno
18060,05:01:00,05:01:00,05:00:00,05:00:00,05:00:00,AM,Noche,Nocturno
18120,05:02:00,05:02:00,05:00:00,05:00:00,05:00:00,AM,Noche,Nocturno
18180,05:03:00,05:03:00,05:00:00,05:00:00,05:00:00,AM,Noche,Nocturno
18240,05:04:00,05:04:00,05:00:00,05:00:00,05:00:00,AM,Noche,Nocturno
18300,05:05:00,05:05:00,05:00:00,05:00:00,05:00:00,AM,Noche,Nocturno
18360,05:06:00,05:06:00,05:00:00,05:00:00,05:00:00,AM,Noche,Nocturno
18420,05:07:00,05:07:00,05:00:00,05:00:00,05:00:00,AM,Noche,Nocturno
18480,05:08:00,05:08:00,05:00:00,05:00:00,05:00:00,AM,Noche,Nocturno
18540,05:09:00,05:09:00,05:00:00,05:00:00,05:00:00,AM,Noche,Nocturno
18600,05:10:00,05:10:00,05:00:00,05:00:00,05:00:00,AM,Noche,Nocturno
18660,05:11:00,05:11:00,05:00:00,05:00:00,05:00:00,AM,Noche,Nocturno
18720,05:12:00,05:12:00,05:00:00,05:00:00,05:00:00,AM,Noche,Nocturno
18780,05:13:00,05:13:00,05:00:00,05:00:00,05:00:00,AM,Noche,Nocturno
18840,05:14:00,05:14:00,05:00:00,05:00:00,05:00:00,AM,Noche,Nocturno
18900,05:15:00,05:15:00,05:15:00,05:00:00,05:00:00,AM,Noche,Nocturno
18960,05:16:00,05:16:00,05:15:00,05:00:00,05:00:00,AM,Noche,Nocturno
19020,05:17:00,05:17:00,05:15:00,05:00:00,05:00:00,AM,Noche,Nocturno
19080,05:18:00,05:18:00,05:15:00,05:00:00,05:00:00,AM,Noche,Nocturno
19140,05:19:00,05:19:00,05:15:00,05:00:00,05:00:00,AM,Noche,Nocturno
19200,05:20:00,05:20:00,05:15:00,05:00:00,05:00:00,AM,Noche,Nocturno
19260,05:21:00,05:21:00,05:15:00,05:00:00,05:00:00,AM,Noche,Nocturno
19320,05:22:00,05:22:00,05:15:00,05:00:00,05:00:00,AM,Noche,Nocturno
19380,05:23:00,05:23:00,05:15:00,05:00:00,05:00:00,AM,Noche,Nocturno
19440,05:24:00,05:24:00,05:15:00,05:00:00,05:00:00,AM,Noche,Nocturno
19500,05:25:00,05:25:00,05:15:00,05:00:00,05:00:00,AM,Noche,Nocturno
19560,05:26:00,05:26:00,05:15:00,05:00:00,05:00:00,AM,Noche,Nocturno
19620,05:27:00,05:27:00,05:15:00,05:00:00,05:00:00,AM,Noche,Nocturno
19680,05:28:00,05:28:00,05:15:00,05:00:00,05:00:00,AM,Noche,Nocturno
19740,05:29:00,05:29:00,05:15:00,05:00:00,05:00:00,AM,Noche,Nocturno
19800,05:30:00,05:30:00,05:30:00,05:30:00,05:00:00,AM,Noche,Nocturno
19860,05:31:00,05:31:00,05:30:00,05:30:00,05:00:00,AM,Noche,Nocturno
19920,05:32:00,05:32:00,05:30:00,05:30:00,05:00:00,AM,Noche,Nocturno
19980,05:33:00,05:33:00,05:30:00,05:30:00,05:00:00,AM,Noche,Nocturno
20040,05:34:00,05:34:00,05:30:00,05:30:00,05:00:00,AM,Noche,Nocturno
20100,05:35:00,05:35:00,05:30:00,05:30:00,05:00:00,AM,Noche,Nocturno
20160,05:36:00,05:36:00,05:30:00,05:30:00,05:00:00,AM,Noche,Nocturno
20220,05:37:00,05:37:00,05:30:00,05:30:00,05:00:00,AM,Noche,Nocturno
20280,05:38:00,05:38:00,05:30:00,05:30:00,05:00:00,AM,Noche,Nocturno
20340,05:39:00,05:39:00,05:30:00,05:30:00,05:00:00,AM,Noche,Nocturno
20400,05:40:00,05:40:00,05:30:00,05:30:00,05:00:00,AM,Noche,Nocturno
20460,05:41:00,05:41:00,05:30:00,05:30:00,05:00:00,AM,Noche,Nocturno
20520,05:42:00,05:42:00,05:30:00,05:30:00,05:00:00,AM,Noche,Nocturno
20580,05:43:00,05:43:00,05:30:00,05:30:00,05:00:00,AM,Noche,Nocturno
20640,05:44:00,05:44:00,05:30:00,05:30:00,05:00:00,AM,Noche,Nocturno
20700,05:45:00,05:45:00,05:45:00,05:30:00,05:00:00,AM,Noche,Nocturno
20760,05:46:00,05:46:00,05:45:00,05:30:00,05:00:00,AM,Noche,Nocturno
20820,05:47:00,05:47:00,05:45:00,05:30:00,05:00:00,AM,Noche,Nocturno
20880,05:48:00,05:48:00,05:45:00,05:30:00,05:00:00,AM,Noche,Nocturno
20940,05:49:00,05:49:00,05:45:00,05:30:00,05:00:00,AM,Noche,Nocturno
21000,05:50:00,05:50:00,05:45:00,05:30:00,05:00:00,AM,Noche,Nocturno
21060,05:51:00,05:51:00,05:45:00,05:30:00,05:00:00,AM,Noche,Nocturno
21120,05:52:00,05:52:00,05:45:00,05:30:00,05:00:00,AM,Noche,Nocturno
21180,05:53:00,05:53:00,05:45:00,05:30:00,05:00:00,AM,Noche,Nocturno
21240,05:54:00,05:54:00,05:45:00,05:30:00,05:00:00,AM,Noche,Nocturno
21300,05:55:00,05:55:00,05:45:00,05:30:00,05:00:00,AM,Noche,Nocturno
21360,05:56:00,05:56:00,05:45:00,05:30:00,05:00:00,AM,Noche,Nocturno
21420,05:57:00,05:57:00,05:45:00,05:30:00,05:00:00,AM,Noche,Nocturno
21480,05:58:00,05:58:00,05:45:00,05:30:00,05:00:00,AM,Noche,Nocturno
21540,05:59:00,05:59:00,05:45:00,05:30:00,05:00:00,AM,Noche,Nocturno
21600,06:00:00,06:00:00,06:00:00,06:00:00,06:00:00,AM,Mañana,Diurno
21660,06:01:00,06:01:00,06:00:00,06:00:00,06:00:00,AM,Mañana,Diurno
21720,06:02:00,06:02:00,06:00:00,06:00:00,06:00:00,AM,Mañana,Diurno
21780,06:03:00,06:03:00,06:00:00,06:00:00,06:00:00,AM,Mañana,Diurno
21840,06:04:00,06:04:00,06:00:00,06:00:00,06:00:00,AM,Mañana,Diurno
21900,06:05:00,06:05:00,06:00:00,06:00:00,06:00:00,AM,Mañana,Diurno
21960,06:06:00,06:06:00,06:00:00,06:00:00,06:00:00,AM,Mañana,Diurno
22020,06:07:00,06:07:00,06:00:00,06:00:00,06:00:00,AM,Mañana,Diurno
22080,06:08:00,06:08:00,06:00:00,06:00:00,06:00:00,AM,Mañana,Diurno
22140,06:09:00,06:09:00,06:00:00,06:00:00,06:00:00,AM,Mañana,Diurno
22200,06:10:00,06:10:00,06:00:00,06:00:00,06:00:00,AM,Mañana,Diurno
22260,06:11:00,06:11:00,06:00:00,06:00:00,06:00:00,AM,Mañana,Diurno
22320,06:12:00,06:12:00,06:00:00,06:00:00,06:00:00,AM,Mañana,Diurno
22380,06:13:00,06:13:00,06:00:00,06:00:00,06:00:00,AM,Mañana,Diurno
22440,06:14:00,06:14:00,06:00:00,06:00:00,06:00:00,AM,Mañana,Diurno
22500,06:15:00,06:15:00,06:15:00,06:00:00,06:00:00,AM,Mañana,Diurno
22560,06:16:00,06:16:00,06:15:00,06:00:00,06:00:00,AM,Mañana,Diurno
22620,06:17:00,06:17:00,06:15:00,06:00:00,06:00:00,AM,Mañana,Diurno
22680,06:18:00,06:18:00,06:15:00,06:00:00,06:00:00,AM,Mañana,Diurno
22740,06:19:00,06:19:00,06:15:00,06:00:00,06:00:00,AM,Mañana,Diurno
22800,06:20:00,06:20:00,06:15:00,06:00:00,06:00:00,AM,Mañana,Diurno
22860,06:21:00,06:21:00,06:15:00,06:00:00,06:00:00,AM,Mañana,Diurno
22920,06:22:00,06:22:00,06:15:00,06:00:00,06:00:00,AM,Mañana,Diurno
22980,06:23:00,06:23:00,06:15:00,06:00:00,06:00:00,AM,Mañana,Diurno
23040,06:24:00,06:24:00,06:15:00,06:00:00,06:00:00,AM,Mañana,Diurno
23100,06:25:00,06:25:00,06:15:00,06:00:00,06:00:00,AM,Mañana,Diurno
23160,06:26:00,06:26:00,06:15:00,06:00:00,06:00:00,AM,Mañana,Diurno
23220,06:27:00,06:27:00,06:15:00,06:00:00,06:00:00,AM,Mañana,Diurno
23280,06:28:00,06:28:00,06:15:00,06:00:00,06:00:00,AM,Mañana,Diurno
23340,06:29:00,06:29:00,06:15:00,06:00:00,06:00:00,AM,Mañana,Diurno
23400,06:30:00,06:30:00,06:30:00,06:30:00,06:00:00,AM,Mañana,Diurno
23460,06:31:00,06:31:00,06:30:00,06:30:00,06:00:00,AM,Mañana,Diurno
23520,06:32:00,06:32:00,06:30:00,06:30:00,06:00:00,AM,Mañana,Diurno
23580,06:33:00,06:33:00,06:30:00,06:30:00,06:00:00,AM,Mañana,Diurno
23640,06:34:00,06:34:00,06:30:00,06:30:00,06:00:00,AM,Mañana,Diurno
23700,06:35:00,06:35:00,06:30:00,06:30:00,06:00:00,AM,Mañana,Diurno
23760,06:36:00,06:36:00,06:30:00,06:30:00,06:00:00,AM,Mañana,Diurno
23820,06:37:00,06:37:00,06:30:00,06:30:00,06:00:00,AM,Mañana,Diurno
23880,06:38:00,06:38:00,06:30:00,06:30:00,06:00:00,AM,Mañana,Diurno
23940,06:39:00,06:39:00,06:30:00,06:30:00,06:00:00,AM,Mañana,Diurno
24000,06:40:00,06:40:00,06:30:00,06:30:00,06:00:00,AM,Mañana,Diurno
24060,06:41:00,06:41:00,06:30:00,06:30:00,06:00:00,AM,Mañana,Diurno
24120,06:42:00,06:42:00,06:30:00,06:30:00,06:00:00,AM,Mañana,Diurno
24180,06:43:00,06:43:00,06:30:00,06:30:00,06:00:00,AM,Mañana,Diurno
24240,06:44:00,06:44:00,06:30:00,06:30:00,06:00:00,AM,Mañana,Diurno
24300,06:45:00,06:45:00,06:45:00,06:30:00,06:00:00,AM,Mañana,Diurno
24360,06:46:00,06:46:00,06:45:00,06:30:00,06:00:00,AM,Mañana,Diurno
24420,06:47:00,06:47:00,06:45:00,06:30:00,06:00:00,AM,Mañana,Diurno
24480,06:48:00,06:48:00,06:45:00,06:30:00,06:00:00,AM,Mañana,Diurno
24540,06:49:00,06:49:00,06:45:00,06:30:00,06:00:00,AM,Mañana,Diurno
24600,06:50:00,06:50:00,06:45:00,06:30:00,06:00:00,AM,Mañana,Diurno
24660,06:51:00,06:51:00,06:45:00,06:30:00,06:00:00,AM,Mañana,Diurno
24720,06:52:00,06:52:00,06:45:00,06:30:00,06:00:00,AM,Mañana,Diurno
24780,06:53:00,06:53:00,06:45:00,06:30:00,06:00:00,AM,Mañana,Diurno
24840,06:54:00,06:54:00,06:45:00,06:30:00,06:00:00,AM,Mañana,Diurno
24900,06:55:00,06:55:00,06:45:00,06:30:00,06:00:00,AM,Mañana,Diurno
24960,06:56:00,06:56:00,06:45:00,06:30:00,06:00:00,AM,Mañana,Diurno
25020,06:57:00,06:57:00,06:45:00,06:30:00,06:00:00,AM,Mañana,Diurno
25080,06:58:00,06:58:00,06:45:00,06:30:00,06:00:00,AM,Mañana,Diurno
25140,06:59:00,06:59:00,06:45:00,06:30:00,06:00:00,AM,Mañana,Diurno
25200,07:00:00,07:00:00,07:00:00,07:00:00,07:00:00,AM,Mañana,Diurno
25260,07:01:00,07:01:00,07:00:00,07:00:00,07:00:00,AM,Mañana,Diurno
25320,07:02:00,07:02:00,07:00:00,07:00:00,07:00:00,AM,Mañana,Diurno
25380,07:03:00,07:03:00,07:00:00,07:00:00,07:00:00,AM,Mañana,Diurno
25440,07:04:00,07:04:00,07:00:00,07:00:00,07:00:00,AM,Mañana,Diurno
25500,07:05:00,07:05:00,07:00:00,07:00:00,07:00:00,AM,Mañana,Diurno
25560,07:06:00,07:06:00,07:00:00,07:00:00,07:00:00,AM,Mañana,Diurno
25620,07:07:00,07:07:00,07:00:00,07:00:00,07:00:00,AM,Mañana,Diurno
25680,07:08:00,07:08:00,07:00:00,07:00:00,07:00:00,AM,Mañana,Diurno
25740,07:09:00,07:09:00,07:00:00,07:00:00,07:00:00,AM,Mañana,Diurno
25800,07:10:00,07:10:00,07:00:00,07:00:00,07:00:00,AM,Mañana,Diurno
25860,07:11:00,07:11:00,07:00:00,07:00:00,07:00:00,AM,Mañana,Diurno
25920,07:12:00,07:12:00,07:00:00,07:00:00,07:00:00,AM,Mañana,Diurno
25980,07:13:00,07:13:00,07:00:00,07:00:00,07:00:00,AM,Mañana,Diurno
26040,07:14:00,07:14:00,07:00:00,07:00:00,07:00:00,AM,Mañana,Diurno
26100,07:15:00,07:15:00,07:15:00,07:00:00,07:00:00,AM,Mañana,Diurno
26160,07:16:00,07:16:00,07:15:00,07:00:00,07:00:00,AM,Mañana,Diurno
26220,07:17:00,07:17:00,07:15:00,07:00:00,07:00:00,AM,Mañana,Diurno
26280,07:18:00,07:18:00,07:15:00,07:00:00,07:00:00,AM,Mañana,Diurno
26340,07:19:00,07:19:00,07:15:00,07:00:00,07:00:00,AM,Mañana,Diurno
26400,07:20:00,07:20:00,07:15:00,07:00:00,07:00:00,AM,Mañana,Diurno
26460,07:21:00,07:21:00,07:15:00,07:00:00,07:00:00,AM,Mañana,Diurno
26520,07:22:00,07:22:00,07:15:00,07:00:00,07:00:00,AM,Mañana,Diurno
26580,07:23:00,07:23:00,07:15:00,07:00:00,07:00:00,AM,Mañana,Diurno
26640,07:24:00,07:24:00,07:15:00,07:00:00,07:00:00,AM,Mañana,Diurno
26700,07:25:00,07:25:00,07:15:00,07:00:00,07:00:00,AM,Mañana,Diurno
26760,07:26:00,07:26:00,07:15:00,07:00:00,07:00:00,AM,Mañana,Diurno
26820,07:27:00,07:27:00,07:15:00,07:00:00,07:00:00,AM,Mañana,Diurno
26880,07:28:00,07:28:00,07:15:00,07:00:00,07:00:00,AM,Mañana,Diurno
26940,07:29:00,07:29:00,07:15:00,07:00:00,07:00:00,AM,Mañana,Diurno
27000,07:30:00,07:30:00,07:30:00,07:30:00,07:00:00,AM,Mañana,Diurno
27060,07:31:00,07:31:00,07:30:00,07:30:00,07:00:00,AM,Mañana,Diurno
27120,07:32:00,07:32:00,07:30:00,07:30:00,07:00:00,AM,Mañana,Diurno
27180,07:33:00,07:33:00,07:30:00,07:30:00,07:00:00,AM,Mañana,Diurno
27240,07:34:00,07:34:00,07:30:00,07:30:00,07:00:00,AM,Mañana,Diurno
27300,07:35:00,07:35:00,07:30:00,07:30:00,07:00:00,AM,Mañana,Diurno
27360,07:36:00,07:36:00,07:30:00,07:30:00,07:00:00,AM,Mañana,Diurno
27420,07:37:00,07:37:00,07:30:00,07:30:00,07:00:00,AM,Mañana,Diurno
27480,07:38:00,07:38:00,07:30:00,07:30:00,07:00:00,AM,Mañana,Diurno
27540,07:39:00,07:39:00,07:30:00,07:30:00,07:00:00,AM,Mañana,Diurno
27600,07:40:00,07:40:00,07:30:00,07:30:00,07:00:00,AM,Mañana,Diurno
27660,07:41:00,07:41:00,07:30:00,07:30:00,07:00:00,AM,Mañana,Diurno
27720,07:42:00,07:42:00,07:30:00,07:30:00,07:00:00,AM,Mañana,Diurno
27780,07:43:00,07:43:00,07:30:00,07:30:00,07:00:00,AM,Mañana,Diurno
27840,07:44:00,07:44:00,07:30:00,07:30:00,07:00:00,AM,Mañana,Diurno
27900,07:45:00,07:45:00,07:45:00,07:30:00,07:00:00,AM,Mañana,Diurno
27960,07:46:00,07:46:00,07:45:00,07:30:00,07:00:00,AM,Mañana,Diurno
28020,07:47:00,07:47:00,07:45:00,07:30:00,07:00:00,AM,Mañana,Diurno
28080,07:48:00,07:48:00,07:45:00,07:30:00,07:00:00,AM,Mañana,Diurno
28140,07:49:00,07:49:00,07:45:00,07:30:00,07:00:00,AM,Mañana,Diurno
28200,07:50:00,07:50:00,07:45:00,07:30:00,07:00:00,AM,Mañana,Diurno
28260,07:51:00,07:51:00,07:45:00,07:30:00,07:00:00,AM,Mañana,Diurno
28320,07:52:00,07:52:00,07:45:00,07:30:00,07:00:00,AM,Mañana,Diurno
28380,07:53:00,07:53:00,07:45:00,07:30:00,07:00:00,AM,Mañana,Diurno
28440,07:54:00,07:54:00,07:45:00,07:30:00,07:00:00,AM,Mañana,Diurno
28500,07:55:00,07:55:00,07:45:00,07:30:00,07:00:00,AM,Mañana,Diurno
28560,07:56:00,07:56:00,07:45:00,07:30:00,07:00:00,AM,Mañana,Diurno
28620,07:57:00,07:57:00,07:45:00,07:30:00,07:00:00,AM,Mañana,Diurno
28680,07:58:00,07:58:00,07:45:00,07:30:00,07:00:00,AM,Mañana,Diurno
28740,07:59:00,07:59:00,07:45:00,07:30:00,07:00:00,AM,Mañana,Diurno
28800,08:00:00,08:00:00,08:00:00,08:00:00,08:00:00,AM,Mañana,Diurno
28860,08:01:00,08:01:00,08:00:00,08:00:00,08:00:00,AM,Mañana,Diurno
28920,08:02:00,08:02:00,08:00:00,08:00:00,08:00:00,AM,Mañana,Diurno
28980,08:03:00,08:03:00,08:00:00,08:00:00,08:00:00,AM,Mañana,Diurno
29040,08:04:00,08:04:00,08:00:00,08:00:00,08:00:00,AM,Mañana,Diurno
29100,08:05:00,08:05:00,08:00:00,08:00:00,08:00:00,AM,Mañana,Diurno
29160,08:06:00,08:06:00,08:00:00,08:00:00,08:00:00,AM,Mañana,Diurno
29220,08:07:00,08:07:00,08:00:00,08:00:00,08:00:00,AM,Mañana,Diurno
29280,08:08:00,08:08:00,08:00:00,08:00:00,08:00:00,AM,Mañana,Diurno
29340,08:09:00,08:09:00,08:00:00,08:00:00,08:00:00,AM,Mañana,Diurno
29400,08:10:00,08:10:00,08:00:00,08:00:00,08:00:00,AM,Mañana,Diurno
29460,08:11:00,08:11:00,08:00:00,08:00:00,08:00:00,AM,Mañana,Diurno
29520,08:12:00,08:12:00,08:00:00,08:00:00,08:00:00,AM,Mañana,Diurno
29580,08:13:00,08:13:00,08:00:00,08:00:00,08:00:00,AM,Mañana,Diurno
29640,08:14:00,08:14:00,08:00:00,08:00:00,08:00:00,AM,Mañana,Diurno
29700,08:15:00,08:15:00,08:15:00,08:00:00,08:00:00,AM,Mañana,Diurno
29760,08:16:00,08:16:00,08:15:00,08:00:00,08:00:00,AM,Mañana,Diurno
29820,08:17:00,08:17:00,08:15:00,08:00:00,08:00:00,AM,Mañana,Diurno
29880,08:18:00,08:18:00,08:15:00,08:00:00,08:00:00,AM,Mañana,Diurno
29940,08:19:00,08:19:00,08:15:00,08:00:00,08:00:00,AM,Mañana,Diurno
30000,08:20:00,08:20:00,08:15:00,08:00:00,08:00:00,AM,Mañana,Diurno
30060,08:21:00,08:21:00,08:15:00,08:00:00,08:00:00,AM,Mañana,Diurno
30120,08:22:00,08:22:00,08:15:00,08:00:00,08:00:00,AM,Mañana,Diurno
30180,08:23:00,08:23:00,08:15:00,08:00:00,08:00:00,AM,Mañana,Diurno
30240,08:24:00,08:24:00,08:15:00,08:00:00,08:00:00,AM,Mañana,Diurno
30300,08:25:00,08:25:00,08:15:00,08:00:00,08:00:00,AM,Mañana,Diurno
30360,08:26:00,08:26:00,08:15:00,08:00:00,08:00:00,AM,Mañana,Diurno
30420,08:27:00,08:27:00,08:15:00,08:00:00,08:00:00,AM,Mañana,Diurno
30480,08:28:00,08:28:00,08:15:00,08:00:00,08:00:00,AM,Mañana,Diurno
30540,08:29:00,08:29:00,08:15:00,08:00:00,08:00:00,AM,Mañana,Diurno
30600,08:30:00,08:30:00,08:30:00,08:30:00,08:00:00,AM,Mañana,Diurno
30660,08:31:00,08:31:00,08:30:00,08:30:00,08:00:00,AM,Mañana,Diurno
30720,08:32:00,08:32:00,08:30:00,08:30:00,08:00:00,AM,Mañana,Diurno
30780,08:33:00,08:33:00,08:30:00,08:30:00,08:00:00,AM,Mañana,Diurno
30840,08:34:00,08:34:00,08:30:00,08:30:00,08:00:00,AM,Mañana,Diurno
30900,08:35:00,08:35:00,08:30:00,08:30:00,08:00:00,AM,Mañana,Diurno
30960,08:36:00,08:36:00,08:30:00,08:30:00,08:00:00,AM,Mañana,Diurno
31020,08:37:00,08:37:00,08:30:00,08:30:00,08:00:00,AM,Mañana,Diurno
31080,08:38:00,08:38:00,08:30:00,08:30:00,08:00:00,AM,Mañana,Diurno
31140,08:39:00,08:39:00,08:30:00,08:30:00,08:00:00,AM,Mañana,Diurno
31200,08:40:00,08:40:00,08:30:00,08:30:00,08:00:00,AM,Mañana,Diurno
31260,08:41:00,08:41:00,08:30:00,08:30:00,08:00:00,AM,Mañana,Diurno
31320,08:42:00,08:42:00,08:30:00,08:30:00,08:00:00,AM,Mañana,Diurno
31380,08:43:00,08:43:00,08:30:00,08:30:00,08:00:00,AM,Mañana,Diurno
31440,08:44:00,08:44:00,08:30:00,08:30:00,08:00:00,AM,Mañana,Diurno
31500,08:45:00,08:45:00,08:45:00,08:30:00,08:00:00,AM,Mañana,Diurno
31560,08:46:00,08:46:00,08:45:00,08:30:00,08:00:00,AM,Mañana,Diurno
31620,08:47:00,08:47:00,08:45:00,08:30:00,08:00:00,AM,Mañana,Diurno
31680,08:48:00,08:48:00,08:45:00,08:30:00,08:00:00,AM,Mañana,Diurno
31740,08:49:00,08:49:00,08:45:00,08:30:00,08:00:00,AM,Mañana,Diurno
31800,08:50:00,08:50:00,08:45:00,08:30:00,08:00:00,AM,Mañana,Diurno
31860,08:51:00,08:51:00,08:45:00,08:30:00,08:00:00,AM,Mañana,Diurno
31920,08:52:00,08:52:00,08:45:00,08:30:00,08:00:00,AM,Mañana,Diurno
31980,08:53:00,08:53:00,08:45:00,08:30:00,08:00:00,AM,Mañana,Diurno
32040,08:54:00,08:54:00,08:45:00,08:30:00,08:00:00,AM,Mañana,Diurno
32100,08:55:00,08:55:00,08:45:00,08:30:00,08:00:00,AM,Mañana,Diurno
32160,08:56:00,08:56:00,08:45:00,08:30:00,08:00:00,AM,Mañana,Diurno
32220,08:57:00,08:57:00,08:45:00,08:30:00,08:00:00,AM,Mañana,Diurno
32280,08:58:00,08:58:00,08:45:00,08:30:00,08:00:00,AM,Mañana,Diurno
32340,08:59:00,08:59:00,08:45:00,08:30:00,08:00:00,AM,Mañana,Diurno
32400,09:00:00,09:00:00,09:00:00,09:00:00,09:00:00,AM,Mañana,Diurno
32460,09:01:00,09:01:00,09:00:00,09:00:00,09:00:00,AM,Mañana,Diurno
32520,09:02:00,09:02:00,09:00:00,09:00:00,09:00:00,AM,Mañana,Diurno
32580,09:03:00,09:03:00,09:00:00,09:00:00,09:00:00,AM,Mañana,Diurno
32640,09:04:00,09:04:00,09:00:00,09:00:00,09:00:00,AM,Mañana,Diurno
32700,09:05:00,09:05:00,09:00:00,09:00:00,09:00:00,AM,Mañana,Diurno
32760,09:06:00,09:06:00,09:00:00,09:00:00,09:00:00,AM,Mañana,Diurno
32820,09:07:00,09:07:00,09:00:00,09:00:00,09:00:00,AM,Mañana,Diurno
32880,09:08:00,09:08:00,09:00:00,09:00:00,09:00:00,AM,Mañana,Diurno
32940,09:09:00,09:09:00,09:00:00,09:00:00,09:00:00,AM,Mañana,Diurno
33000,09:10:00,09:10:00,09:00:00,09:00:00,09:00:00,AM,Mañana,Diurno
33060,09:11:00,09:11:00,09:00:00,09:00:00,09:00:00,AM,Mañana,Diurno
33120,09:12:00,09:12:00,09:00:00,09:00:00,09:00:00,AM,Mañana,Diurno
33180,09:13:00,09:13:00,09:00:00,09:00:00,09:00:00,AM,Mañana,Diurno
33240,09:14:00,09:14:00,09:00:00,09:00:00,09:00:00,AM,Mañana,Diurno
33300,09:15:00,09:15:00,09:15:00,09:00:00,09:00:00,AM,Mañana,Diurno
33360,09:16:00,09:16:00,09:15:00,09:00:00,09:00:00,AM,Mañana,Diurno
33420,09:17:00,09:17:00,09:15:00,09:00:00,09:00:00,AM,Mañana,Diurno
33480,09:18:00,09:18:00,09:15:00,09:00:00,09:00:00,AM,Mañana,Diurno
33540,09:19:00,09:19:00,09:15:00,09:00:00,09:00:00,AM,Mañana,Diurno
33600,09:20:00,09:20:00,09:15:00,09:00:00,09:00:00,AM,Mañana,Diurno
33660,09:21:00,09:21:00,09:15:00,09:00:00,09:00:00,AM,Mañana,Diurno
33720,09:22:00,09:22:00,09:15:00,09:00:00,09:00:00,AM,Mañana,Diurno
33780,09:23:00,09:23:00,09:15:00,09:00:00,09:00:00,AM,Mañana,Diurno
33840,09:24:00,09:24:00,09:15:00,09:00:00,09:00:00,AM,Mañana,Diurno
33900,09:25:00,09:25:00,09:15:00,09:00:00,09:00:00,AM,Mañana,Diurno
33960,09:26:00,09:26:00,09:15:00,09:00:00,09:00:00,AM,Mañana,Diurno
34020,09:27:00,09:27:00,09:15:00,09:00:00,09:00:00,AM,Mañana,Diurno
34080,09:28:00,09:28:00,09:15:00,09:00:00,09:00:00,AM,Mañana,Diurno
34140,09:29:00,09:29:00,09:15:00,09:00:00,09:00:00,AM,Mañana,Diurno
34200,09:30:00,09:30:00,09:30:00,09:30:00,09:00:00,AM,Mañana,Diurno
34260,09:31:00,09:31:00,09:30:00,09:30:00,09:00:00,AM,Mañana,Diurno
34320,09:32:00,09:32:00,09:30:00,09:30:00,09:00:00,AM,Mañana,Diurno
34380,09:33:00,09:33:00,09:30:00,09:30:00,09:00:00,AM,Mañana,Diurno
34440,09:34:00,09:34:00,09:30:00,09:30:00,09:00:00,AM,Mañana,Diurno
34500,09:35:00,09:35:00,09:30:00,09:30:00,09:00:00,AM,Mañana,Diurno
34560,09:36:00,09:36:00,09:30:00,09:30:00,09:00:00,AM,Mañana,Diurno
34620,09:37:00,09:37:00,09:30:00,09:30:00,09:00:00,AM,Mañana,Diurno
34680,09:38:00,09:38:00,09:30:00,09:30:00,09:00:00,AM,Mañana,Diurno
34740,09:39:00,09:39:00,09:30:00,09:30:00,09:00:00,AM,Mañana,Diurno
34800,09:40:00,09:40:00,09:30:00,09:30:00,09:00:00,AM,Mañana,Diurno
34860,09:41:00,09:41:00,09:30:00,09:30:00,09:00:00,AM,Mañana,Diurno
34920,09:42:00,09:42:00,09:30:00,09:30:00,09:00:00,AM,Mañana,Diurno
34980,09:43:00,09:43:00,09:30:00,09:30:00,09:00:00,AM,Mañana,Diurno
35040,09:44:00,09:44:00,09:30:00,09:30:00,09:00:00,AM,Mañana,Diurno
35100,09:45:00,09:45:00,09:45:00,09:30:00,09:00:00,AM,Mañana,Diurno
35160,09:46:00,09:46:00,09:45:00,09:30:00,09:00:00,AM,Mañana,Diurno
35220,09:47:00,09:47:00,09:45:00,09:30:00,09:00:00,AM,Mañana,Diurno
35280,09:48:00,09:48:00,09:45:00,09:30:00,09:00:00,AM,Mañana,Diurno
35340,09:49:00,09:49:00,09:45:00,09:30:00,09:00:00,AM,Mañana,Diurno
35400,09:50:00,09:50:00,09:45:00,09:30:00,09:00:00,AM,Mañana,Diurno
35460,09:51:00,09:51:00,09:45:00,09:30:00,09:00:00,AM,Mañana,Diurno
35520,09:52:00,09:52:00,09:45:00,09:30:00,09:00:00,AM,Mañana,Diurno
35580,09:53:00,09:53:00,09:45:00,09:30:00,09:00:00,AM,Mañana,Diurno
35640,09:54:00,09:54:00,09:45:00,09:30:00,09:00:00,AM,Mañana,Diurno
35700,09:55:00,09:55:00,09:45:00,09:30:00,09:00:00,AM,Mañana,Diurno
35760,09:56:00,09:56:00,09:45:00,09:30:00,09:00:00,AM,Mañana,Diurno
35820,09:57:00,09:57:00,09:45:00,09:30:00,09:00:00,AM,Mañana,Diurno
35880,09:58:00,09:58:00,09:45:00,09:30:00,09:00:00,AM,Mañana,Diurno
35940,09:59:00,09:59:00,09:45:00,09:30:00,09:00:00,AM,Mañana,Diurno
36000,10:00:00,10:00:00,10:00:00,10:00:00,10:00:00,AM,Mañana,Diurno
36060,10:01:00,10:01:00,10:00:00,10:00:00,10:00:00,AM,Mañana,Diurno
36120,10:02:00,10:02:00,10:00:00,10:00:00,10:00:00,AM,Mañana,Diurno
36180,10:03:00,10:03:00,10:00:00,10:00:00,10:00:00,AM,Mañana,Diurno
36240,10:04:00,10:04:00,10:00:00,10:00:00,10:00:00,AM,Mañana,Diurno
36300,10:05:00,10:05:00,10:00:00,10:00:00,10:00:00,AM,Mañana,Diurno
36360,10:06:00,10:06:00,10:00:00,10:00:00,10:00:00,AM,Mañana,Diurno
36420,10:07:00,10:07:00,10:00:00,10:00:00,10:00:00,AM,Mañana,Diurno
36480,10:08:00,10:08:00,10:00:00,10:00:00,10:00:00,AM,Mañana,Diurno
36540,10:09:00,10:09:00,10:00:00,10:00:00,10:00:00,AM,Mañana,Diurno
36600,10:10:00,10:10:00,10:00:00,10:00:00,10:00:00,AM,Mañana,Diurno
36660,10:11:00,10:11:00,10:00:00,10:00:00,10:00:00,AM,Mañana,Diurno
36720,10:12:00,10:12:00,10:00:00,10:00:00,10:00:00,AM,Mañana,Diurno
36780,10:13:00,10:13:00,10:00:00,10:00:00,10:00:00,AM,Mañana,Diurno
36840,10:14:00,10:14:00,10:00:00,10:00:00,10:00:00,AM,Mañana,Diurno
36900,10:15:00,10:15:00,10:15:00,10:00:00,10:00:00,AM,Mañana,Diurno
36960,10:16:00,10:16:00,10:15:00,10:00:00,10:00:00,AM,Mañana,Diurno
37020,10:17:00,10:17:00,10:15:00,10:00:00,10:00:00,AM,Mañana,Diurno
37080,10:18:00,10:18:00,10:15:00,10:00:00,10:00:00,AM,Mañana,Diurno
37140,10:19:00,10:19:00,10:15:00,10:00:00,10:00:00,AM,Mañana,Diurno
37200,10:20:00,10:20:00,10:15:00,10:00:00,10:00:00,AM,Mañana,Diurno
37260,10:21:00,10:21:00,10:15:00,10:00:00,10:00:00,AM,Mañana,Diurno
37320,10:22:00,10:22:00,10:15:00,10:00:00,10:00:00,AM,Mañana,Diurno
37380,10:23:00,10:23:00,10:15:00,10:00:00,10:00:00,AM,Mañana,Diurno
37440,10:24:00,10:24:00,10:15:00,10:00:00,10:00:00,AM,Mañana,Diurno
37500,10:25:00,10:25:00,10:15:00,10:00:00,10:00:00,AM,Mañana,Diurno
37560,10:26:00,10:26:00,10:15:00,10:00:00,10:00:00,AM,Mañana,Diurno
37620,10:27:00,10:27:00,10:15:00,10:00:00,10:00:00,AM,Mañana,Diurno
37680,10:28:00,10:28:00,10:15:00,10:00:00,10:00:00,AM,Mañana,Diurno
37740,10:29:00,10:29:00,10:15:00,10:00:00,10:00:00,AM,Mañana,Diurno
37800,10:30:00,10:30:00,10:30:00,10:30:00,10:00:00,AM,Mañana,Diurno
37860,10:31:00,10:31:00,10:30:00,10:30:00,10:00:00,AM,Mañana,Diurno
37920,10:32:00,10:32:00,10:30:00,10:30:00,10:00:00,AM,Mañana,Diurno
37980,10:33:00,10:33:00,10:30:00,10:30:00,10:00:00,AM,Mañana,Diurno
38040,10:34:00,10:34:00,10:30:00,10:30:00,10:00:00,AM,Mañana,Diurno
38100,10:35:00,10:35:00,10:30:00,10:30:00,10:00:00,AM,Mañana,Diurno
38160,10:36:00,10:36:00,10:30:00,10:30:00,10:00:00,AM,Mañana,Diurno
38220,10:37:00,10:37:00,10:30:00,10:30:00,10:00:00,AM,Mañana,Diurno
38280,10:38:00,10:38:00,10:30:00,10:30:00,10:00:00,AM,Mañana,Diurno
38340,10:39:00,10:39:00,10:30:00,10:30:00,10:00:00,AM,Mañana,Diurno
38400,10:40:00,10:40:00,10:30:00,10:30:00,10:00:00,AM,Mañana,Diurno
38460,10:41:00,10:41:00,10:30:00,10:30:00,10:00:00,AM,Mañana,Diurno
38520,10:42:00,10:42:00,10:30:00,10:30:00,10:00:00,AM,Mañana,Diurno
38580,10:43:00,10:43:00,10:30:00,10:30:00,10:00:00,AM,Mañana,Diurno
38640,10:44:00,10:44:00,10:30:00,10:30:00,10:00:00,AM,Mañana,Diurno
38700,10:45:00,10:45:00,10:45:00,10:30:00,10:00:00,AM,Mañana,Diurno
38760,10:46:00,10:46:00,10:45:00,10:30:00,10:00:00,AM,Mañana,Diurno
38820,10:47:00,10:47:00,10:45:00,10:30:00,10:00:00,AM,Mañana,Diurno
38880,10:48:00,10:48:00,10:45:00,10:30:00,10:00:00,AM,Mañana,Diurno
38940,10:49:00,10:49:00,10:45:00,10:30:00,10:00:00,AM,Mañana,Diurno
39000,10:50:00,10:50:00,10:45:00,10:30:00,10:00:00,AM,Mañana,Diurno
39060,10:51:00,10:51:00,10:45:00,10:30:00,10:00:00,AM,Mañana,Diurno
39120,10:52:00,10:52:00,10:45:00,10:30:00,10:00:00,AM,Mañana,Diurno
39180,10:53:00,10:53:00,10:45:00,10:30:00,10:00:00,AM,Mañana,Diurno
39240,10:54:00,10:54:00,10:45:00,10:30:00,10:00:00,AM,Mañana,Diurno
39300,10:55:00,10:55:00,10:45:00,10:30:00,10:00:00,AM,Mañana,Diurno
39360,10:56:00,10:56:00,10:45:00,10:30:00,10:00:00,AM,Mañana,Diurno
39420,10:57:00,10:57:00,10:45:00,10:30:00,10:00:00,AM,Mañana,Diurno
39480,10:58:00,10:58:00,10:45:00,10:30:00,10:00:00,AM,Mañana,Diurno
39540,10:59:00,10:59:00,10:45:00,10:30:00,10:00:00,AM,Mañana,Diurno
39600,11:00:00,11:00:00,11:00:00,11:00:00,11:00:00,AM,Mañana,Diurno
39660,11:01:00,11:01:00,11:00:00,11:00:00,11:00:00,AM,Mañana,Diurno
39720,11:02:00,11:02:00,11:00:00,11:00:00,11:00:00,AM,Mañana,Diurno
39780,11:03:00,11:03:00,11:00:00,11:00:00,11:00:00,AM,Mañana,Diurno
39840,11:04:00,11:04:00,11:00:00,11:00:00,11:00:00,AM,Mañana,Diurno
39900,11:05:00,11:05:00,11:00:00,11:00:00,11:00:00,AM,Mañana,Diurno
39960,11:06:00,11:06:00,11:00:00,11:00:00,11:00:00,AM,Mañana,Diurno
40020,11:07:00,11:07:00,11:00:00,11:00:00,11:00:00,AM,Mañana,Diurno
40080,11:08:00,11:08:00,11:00:00,11:00:00,11:00:00,AM,Mañana,Diurno
40140,11:09:00,11:09:00,11:00:00,11:00:00,11:00:00,AM,Mañana,Diurno
40200,11:10:00,11:10:00,11:00:00,11:00:00,11:00:00,AM,Mañana,Diurno
40260,11:11:00,11:11:00,11:00:00,11:00:00,11:00:00,AM,Mañana,Diurno
40320,11:12:00,11:12:00,11:00:00,11:00:00,11:00:00,AM,Mañana,Diurno
40380,11:13:00,11:13:00,11:00:00,11:00:00,11:00:00,AM,Mañana,Diurno
40440,11:14:00,11:14:00,11:00:00,11:00:00,11:00:00,AM,Mañana,Diurno
40500,11:15:00,11:15:00,11:15:00,11:00:00,11:00:00,AM,Mañana,Diurno
40560,11:16:00,11:16:00,11:15:00,11:00:00,11:00:00,AM,Mañana,Diurno
40620,11:17:00,11:17:00,11:15:00,11:00:00,11:00:00,AM,Mañana,Diurno
40680,11:18:00,11:18:00,11:15:00,11:00:00,11:00:00,AM,Mañana,Diurno
40740,11:19:00,11:19:00,11:15:00,11:00:00,11:00:00,AM,Mañana,Diurno
40800,11:20:00,11:20:00,11:15:00,11:00:00,11:00:00,AM,Mañana,Diurno
40860,11:21:00,11:21:00,11:15:00,11:00:00,11:00:00,AM,Mañana,Diurno
40920,11:22:00,11:22:00,11:15:00,11:00:00,11:00:00,AM,Mañana,Diurno
40980,11:23:00,11:23:00,11:15:00,11:00:00,11:00:00,AM,Mañana,Diurno
41040,11:24:00,11:24:00,11:15:00,11:00:00,11:00:00,AM,Mañana,Diurno
41100,11:25:00,11:25:00,11:15:00,11:00:00,11:00:00,AM,Mañana,Diurno
41160,11:26:00,11:26:00,11:15:00,11:00:00,11:00:00,AM,Mañana,Diurno
41220,11:27:00,11:27:00,11:15:00,11:00:00,11:00:00,AM,Mañana,Diurno
41280,11:28:00,11:28:00,11:15:00,11:00:00,11:00:00,AM,Mañana,Diurno
41340,11:29:00,11:29:00,11:15:00,11:00:00,11:00:00,AM,Mañana,Diurno
41400,11:30:00,11:30:00,11:30:00,11:30:00,11:00:00,AM,Mañana,Diurno
41460,11:31:00,11:31:00,11:30:00,11:30:00,11:00:00,AM,Mañana,Diurno
41520,11:32:00,11:32:00,11:30:00,11:30:00,11:00:00,AM,Mañana,Diurno
41580,11:33:00,11:33:00,11:30:00,11:30:00,11:00:00,AM,Mañana,Diurno
41640,11:34:00,11:34:00,11:30:00,11:30:00,11:00:00,AM,Mañana,Diurno
41700,11:35:00,11:35:00,11:30:00,11:30:00,11:00:00,AM,Mañana,Diurno
41760,11:36:00,11:36:00,11:30:00,11:30:00,11:00:00,AM,Mañana,Diurno
41820,11:37:00,11:37:00,11:30:00,11:30:00,11:00:00,AM,Mañana,Diurno
41880,11:38:00,11:38:00,11:30:00,11:30:00,11:00:00,AM,Mañana,Diurno
41940,11:39:00,11:39:00,11:30:00,11:30:00,11:00:00,AM,Mañana,Diurno
42000,11:40:00,11:40:00,11:30:00,11:30:00,11:00:00,AM,Mañana,Diurno
42060,11:41:00,11:41:00,11:30:00,11:30:00,11:00:00,AM,Mañana,Diurno
42120,11:42:00,11:42:00,11:30:00,11:30:00,11:00:00,AM,Mañana,Diurno
42180,11:43:00,11:43:00,11:30:00,11:30:00,11:00:00,AM,Mañana,Diurno
42240,11:44:00,11:44:00,11:30:00,11:30:00,11:00:00,AM,Mañana,Diurno
42300,11:45:00,11:45:00,11:45:00,11:30:00,11:00:00,AM,Mañana,Diurno
42360,11:46:00,11:46:00,11:45:00,11:30:00,11:00:00,AM,Mañana,Diurno
42420,11:47:00,11:47:00,11:45:00,11:30:00,11:00:00,AM,Mañana,Diurno
42480,11:48:00,11:48:00,11:45:00,11:30:00,11:00:00,AM,Mañana,Diurno
42540,11:49:00,11:49:00,11:45:00,11:30:00,11:00:00,AM,Mañana,Diurno
42600,11:50:00,11:50:00,11:45:00,11:30:00,11:00:00,AM,Mañana,Diurno
42660,11:51:00,11:51:00,11:45:00,11:30:00,11:00:00,AM,Mañana,Diurno
42720,11:52:00,11:52:00,11:45:00,11:30:00,11:00:00,AM,Mañana,Diurno
42780,11:53:00,11:53:00,11:45:00,11:30:00,11:00:00,AM,Mañana,Diurno
42840,11:54:00,11:54:00,11:45:00,11:30:00,11:00:00,AM,Mañana,Diurno
42900,11:55:00,11:55:00,11:45:00,11:30:00,11:00:00,AM,Mañana,Diurno
42960,11:56:00,11:56:00,11:45:00,11:30:00,11:00:00,AM,Mañana,Diurno
43020,11:57:00,11:57:00,11:45:00,11:30:00,11:00:00,AM,Mañana,Diurno
43080,11:58:00,11:58:00,11:45:00,11:30:00,11:00:00,AM,Mañana,Diurno
43140,11:59:00,11:59:00,11:45:00,11:30:00,11:00:00,AM,Mañana,Diurno
43200,12:00:00,12:00:00,12:00:00,12:00:00,12:00:00,PM,Tarde,Diurno
43260,12:01:00,12:01:00,12:00:00,12:00:00,12:00:00,PM,Tarde,Diurno
43320,12:02:00,12:02:00,12:00:00,12:00:00,12:00:00,PM,Tarde,Diurno
43380,12:03:00,12:03:00,12:00:00,12:00:00,12:00:00,PM,Tarde,Diurno
43440,12:04:00,12:04:00,12:00:00,12:00:00,12:00:00,PM,Tarde,Diurno
43500,12:05:00,12:05:00,12:00:00,12:00:00,12:00:00,PM,Tarde,Diurno
43560,12:06:00,12:06:00,12:00:00,12:00:00,12:00:00,PM,Tarde,Diurno
43620,12:07:00,12:07:00,12:00:00,12:00:00,12:00:00,PM,Tarde,Diurno
43680,12:08:00,12:08:00,12:00:00,12:00:00,12:00:00,PM,Tarde,Diurno
43740,12:09:00,12:09:00,12:00:00,12:00:00,12:00:00,PM,Tarde,Diurno
43800,12:10:00,12:10:00,12:00:00,12:00:00,12:00:00,PM,Tarde,Diurno
43860,12:11:00,12:11:00,12:00:00,12:00:00,12:00:00,PM,Tarde,Diurno
43920,12:12:00,12:12:00,12:00:00,12:00:00,12:00:00,PM,Tarde,Diurno
43980,12:13:00,12:13:00,12:00:00,12:00:00,12:00:00,PM,Tarde,Diurno
44040,12:14:00,12:14:00,12:00:00,12:00:00,12:00:00,PM,Tarde,Diurno
44100,12:15:00,12:15:00,12:15:00,12:00:00,12:00:00,PM,Tarde,Diurno
44160,12:16:00,12:16:00,12:15:00,12:00:00,12:00:00,PM,Tarde,Diurno
44220,12:17:00,12:17:00,12:15:00,12:00:00,12:00:00,PM,Tarde,Diurno
44280,12:18:00,12:18:00,12:15:00,12:00:00,12:00:00,PM,Tarde,Diurno
44340,12:19:00,12:19:00,12:15:00,12:00:00,12:00:00,PM,Tarde,Diurno
44400,12:20:00,12:20:00,12:15:00,12:00:00,12:00:00,PM,Tarde,Diurno
44460,12:21:00,12:21:00,12:15:00,12:00:00,12:00:00,PM,Tarde,Diurno
44520,12:22:00,12:22:00,12:15:00,12:00:00,12:00:00,PM,Tarde,Diurno
44580,12:23:00,12:23:00,12:15:00,12:00:00,12:00:00,PM,Tarde,Diurno
44640,12:24:00,12:24:00,12:15:00,12:00:00,12:00:00,PM,Tarde,Diurno
44700,12:25:00,12:25:00,12:15:00,12:00:00,12:00:00,PM,Tarde,Diurno
44760,12:26:00,12:26:00,12:15:00,12:00:00,12:00:00,PM,Tarde,Diurno
44820,12:27:00,12:27:00,12:15:00,12:00:00,12:00:00,PM,Tarde,Diurno
44880,12:28:00,12:28:00,12:15:00,12:00:00,12:00:00,PM,Tarde,Diurno
44940,12:29:00,12:29:00,12:15:00,12:00:00,12:00:00,PM,Tarde,Diurno
45000,12:30:00,12:30:00,12:30:00,12:30:00,12:00:00,PM,Tarde,Diurno
45060,12:31:00,12:31:00,12:30:00,12:30:00,12:00:00,PM,Tarde,Diurno
45120,12:32:00,12:32:00,12:30:00,12:30:00,12:00:00,PM,Tarde,Diurno
45180,12:33:00,12:33:00,12:30:00,12:30:00,12:00:00,PM,Tarde,Diurno
45240,12:34:00,12:34:00,12:30:00,12:30:00,12:00:00,PM,Tarde,Diurno
45300,12:35:00,12:35:00,12:30:00,12:30:00,12:00:00,PM,Tarde,Diurno
45360,12:36:00,12:36:00,12:30:00,12:30:00,12:00:00,PM,Tarde,Diurno
45420,12:37:00,12:37:00,12:30:00,12:30:00,12:00:00,PM,Tarde,Diurno
45480,12:38:00,12:38:00,12:30:00,12:30:00,12:00:00,PM,Tarde,Diurno
45540,12:39:00,12:39:00,12:30:00,12:30:00,12:00:00,PM,Tarde,Diurno
45600,12:40:00,12:40:00,12:30:00,12:30:00,12:00:00,PM,Tarde,Diurno
45660,12:41:00,12:41:00,12:30:00,12:30:00,12:00:00,PM,Tarde,Diurno
45720,12:42:00,12:42:00,12:30:00,12:30:00,12:00:00,PM,Tarde,Diurno
45780,12:43:00,12:43:00,12:30:00,12:30:00,12:00:00,PM,Tarde,Diurno
45840,12:44:00,12:44:00,12:30:00,12:30:00,12:00:00,PM,Tarde,Diurno
45900,12:45:00,12:45:00,12:45:00,12:30:00,12:00:00,PM,Tarde,Diurno
45960,12:46:00,12:46:00,12:45:00,12:30:00,12:00:00,PM,Tarde,Diurno
46020,12:47:00,12:47:00,12:45:00,12:30:00,12:00:00,PM,Tarde,Diurno
46080,12:48:00,12:48:00,12:45:00,12:30:00,12:00:00,PM,Tarde,Diurno
46140,12:49:00,12:49:00,12:45:00,12:30:00,12:00:00,PM,Tarde,Diurno
46200,12:50:00,12:50:00,12:45:00,12:30:00,12:00:00,PM,Tarde,Diurno
46260,12:51:00,12:51:00,12:45:00,12:30:00,12:00:00,PM,Tarde,Diurno
46320,12:52:00,12:52:00,12:45:00,12:30:00,12:00:00,PM,Tarde,Diurno
46380,12:53:00,12:53:00,12:45:00,12:30:00,12:00:00,PM,Tarde,Diurno
46440,12:54:00,12:54:00,12:45:00,12:30:00,12:00:00,PM,Tarde,Diurno
46500,12:55:00,12:55:00,12:45:00,12:30:00,12:00:00,PM,Tarde,Diurno
46560,12:56:00,12:56:00,12:45:00,12:30:00,12:00:00,PM,Tarde,Diurno
46620,12:57:00,12:57:00,12:45:00,12:30:00,12:00:00,PM,Tarde,Diurno
46680,12:58:00,12:58:00,12:45:00,12:30:00,12:00:00,PM,Tarde,Diurno
46740,12:59:00,12:59:00,12:45:00,12:30:00,12:00:00,PM,Tarde,Diurno
46800,13:00:00,13:00:00,13:00:00,13:00:00,13:00:00,PM,Tarde,Diurno
46860,13:01:00,13:01:00,13:00:00,13:00:00,13:00:00,PM,Tarde,Diurno
46920,13:02:00,13:02:00,13:00:00,13:00:00,13:00:00,PM,Tarde,Diurno
46980,13:03:00,13:03:00,13:00:00,13:00:00,13:00:00,PM,Tarde,Diurno
47040,13:04:00,13:04:00,13:00:00,13:00:00,13:00:00,PM,Tarde,Diurno
47100,13:05:00,13:05:00,13:00:00,13:00:00,13:00:00,PM,Tarde,Diurno
47160,13:06:00,13:06:00,13:00:00,13:00:00,13:00:00,PM,Tarde,Diurno
47220,13:07:00,13:07:00,13:00:00,13:00:00,13:00:00,PM,Tarde,Diurno
47280,13:08:00,13:08:00,13:00:00,13:00:00,13:00:00,PM,Tarde,Diurno
47340,13:09:00,13:09:00,13:00:00,13:00:00,13:00:00,PM,Tarde,Diurno
47400,13:10:00,13:10:00,13:00:00,13:00:00,13:00:00,PM,Tarde,Diurno
47460,13:11:00,13:11:00,13:00:00,13:00:00,13:00:00,PM,Tarde,Diurno
47520,13:12:00,13:12:00,13:00:00,13:00:00,13:00:00,PM,Tarde,Diurno
47580,13:13:00,13:13:00,13:00:00,13:00:00,13:00:00,PM,Tarde,Diurno
47640,13:14:00,13:14:00,13:00:00,13:00:00,13:00:00,PM,Tarde,Diurno
47700,13:15:00,13:15:00,13:15:00,13:00:00,13:00:00,PM,Tarde,Diurno
47760,13:16:00,13:16:00,13:15:00,13:00:00,13:00:00,PM,Tarde,Diurno
47820,13:17:00,13:17:00,13:15:00,13:00:00,13:00:00,PM,Tarde,Diurno
47880,13:18:00,13:18:00,13:15:00,13:00:00,13:00:00,PM,Tarde,Diurno
47940,13:19:00,13:19:00,13:15:00,13:00:00,13:00:00,PM,Tarde,Diurno
48000,13:20:00,13:20:00,13:15:00,13:00:00,13:00:00,PM,Tarde,Diurno
48060,13:21:00,13:21:00,13:15:00,13:00:00,13:00:00,PM,Tarde,Diurno
48120,13:22:00,13:22:00,13:15:00,13:00:00,13:00:00,PM,Tarde,Diurno
48180,13:23:00,13:23:00,13:15:00,13:00:00,13:00:00,PM,Tarde,Diurno
48240,13:24:00,13:24:00,13:15:00,13:00:00,13:00:00,PM,Tarde,Diurno
48300,13:25:00,13:25:00,13:15:00,13:00:00,13:00:00,PM,Tarde,Diurno
48360,13:26:00,13:26:00,13:15:00,13:00:00,13:00:00,PM,Tarde,Diurno
48420,13:27:00,13:27:00,13:15:00,13:00:00,13:00:00,PM,Tarde,Diurno
48480,13:28:00,13:28:00,13:15:00,13:00:00,13:00:00,PM,Tarde,Diurno
48540,13:29:00,13:29:00,13:15:00,13:00:00,13:00:00,PM,Tarde,Diurno
48600,13:30:00,13:30:00,13:30:00,13:30:00,13:00:00,PM,Tarde,Diurno
48660,13:31:00,13:31:00,13:30:00,13:30:00,13:00:00,PM,Tarde,Diurno
48720,13:32:00,13:32:00,13:30:00,13:30:00,13:00:00,PM,Tarde,Diurno
48780,13:33:00,13:33:00,13:30:00,13:30:00,13:00:00,PM,Tarde,Diurno
48840,13:34:00,13:34:00,13:30:00,13:30:00,13:00:00,PM,Tarde,Diurno
48900,13:35:00,13:35:00,13:30:00,13:30:00,13:00:00,PM,Tarde,Diurno
48960,13:36:00,13:36:00,13:30:00,13:30:00,13:00:00,PM,Tarde,Diurno
49020,13:37:00,13:37:00,13:30:00,13:30:00,13:00:00,PM,Tarde,Diurno
49080,13:38:00,13:38:00,13:30:00,13:30:00,13:00:00,PM,Tarde,Diurno
49140,13:39:00,13:39:00,13:30:00,13:30:00,13:00:00,PM,Tarde,Diurno
49200,13:40:00,13:40:00,13:30:00,13:30:00,13:00:00,PM,Tarde,Diurno
49260,13:41:00,13:41:00,13:30:00,13:30:00,13:00:00,PM,Tarde,Diurno
49320,13:42:00,13:42:00,13:30:00,13:30:00,13:00:00,PM,Tarde,Diurno
49380,13:43:00,13:43:00,13:30:00,13:30:00,13:00:00,PM,Tarde,Diurno
49440,13:44:00,13:44:00,13:30:00,13:30:00,13:00:00,PM,Tarde,Diurno
49500,13:45:00,13:45:00,13:45:00,13:30:00,13:00:00,PM,Tarde,Diurno
49560,13:46:00,13:46:00,13:45:00,13:30:00,13:00:00,PM,Tarde,Diurno
49620,13:47:00,13:47:00,13:45:00,13:30:00,13:00:00,PM,Tarde,Diurno
49680,13:48:00,13:48:00,13:45:00,13:30:00,13:00:00,PM,Tarde,Diurno
49740,13:49:00,13:49:00,13:45:00,13:30:00,13:00:00,PM,Tarde,Diurno
49800,13:50:00,13:50:00,13:45:00,13:30:00,13:00:00,PM,Tarde,Diurno
49860,13:51:00,13:51:00,13:45:00,13:30:00,13:00:00,PM,Tarde,Diurno
49920,13:52:00,13:52:00,13:45:00,13:30:00,13:00:00,PM,Tarde,Diurno
49980,13:53:00,13:53:00,13:45:00,13:30:00,13:00:00,PM,Tarde,Diurno
50040,13:54:00,13:54:00,13:45:00,13:30:00,13:00:00,PM,Tarde,Diurno
50100,13:55:00,13:55:00,13:45:00,13:30:00,13:00:00,PM,Tarde,Diurno
50160,13:56:00,13:56:00,13:45:00,13:30:00,13:00:00,PM,Tarde,Diurno
50220,13:57:00,13:57:00,13:45:00,13:30:00,13:00:00,PM,Tarde,Diurno
50280,13:58:00,13:58:00,13:45:00,13:30:00,13:00:00,PM,Tarde,Diurno
50340,13:59:00,13:59:00,13:45:00,13:30:00,13:00:00,PM,Tarde,Diurno
50400,14:00:00,14:00:00,14:00:00,14:00:00,14:00:00,PM,Tarde,Diurno
50460,14:01:00,14:01:00,14:00:00,14:00:00,14:00:00,PM,Tarde,Diurno
50520,14:02:00,14:02:00,14:00:00,14:00:00,14:00:00,PM,Tarde,Diurno
50580,14:03:00,14:03:00,14:00:00,14:00:00,14:00:00,PM,Tarde,Diurno
50640,14:04:00,14:04:00,14:00:00,14:00:00,14:00:00,PM,Tarde,Diurno
50700,14:05:00,14:05:00,14:00:00,14:00:00,14:00:00,PM,Tarde,Diurno
50760,14:06:00,14:06:00,14:00:00,14:00:00,14:00:00,PM,Tarde,Diurno
50820,14:07:00,14:07:00,14:00:00,14:00:00,14:00:00,PM,Tarde,Diurno
50880,14:08:00,14:08:00,14:00:00,14:00:00,14:00:00,PM,Tarde,Diurno
50940,14:09:00,14:09:00,14:00:00,14:00:00,14:00:00,PM,Tarde,Diurno
51000,14:10:00,14:10:00,14:00:00,14:00:00,14:00:00,PM,Tarde,Diurno
51060,14:11:00,14:11:00,14:00:00,14:00:00,14:00:00,PM,Tarde,Diurno
51120,14:12:00,14:12:00,14:00:00,14:00:00,14:00:00,PM,Tarde,Diurno
51180,14:13:00,14:13:00,14:00:00,14:00:00,14:00:00,PM,Tarde,Diurno
51240,14:14:00,14:14:00,14:00:00,14:00:00,14:00:00,PM,Tarde,Diurno
51300,14:15:00,14:15:00,14:15:00,14:00:00,14:00:00,PM,Tarde,Diurno
51360,14:16:00,14:16:00,14:15:00,14:00:00,14:00:00,PM,Tarde,Diurno
51420,14:17:00,14:17:00,14:15:00,14:00:00,14:00:00,PM,Tarde,Diurno
51480,14:18:00,14:18:00,14:15:00,14:00:00,14:00:00,PM,Tarde,Diurno
51540,14:19:00,14:19:00,14:15:00,14:00:00,14:00:00,PM,Tarde,Diurno
51600,14:20:00,14:20:00,14:15:00,14:00:00,14:00:00,PM,Tarde,Diurno
51660,14:21:00,14:21:00,14:15:00,14:00:00,14:00:00,PM,Tarde,Diurno
51720,14:22:00,14:22:00,14:15:00,14:00:00,14:00:00,PM,Tarde,Diurno
51780,14:23:00,14:23:00,14:15:00,14:00:00,14:00:00,PM,Tarde,Diurno
51840,14:24:00,14:24:00,14:15:00,14:00:00,14:00:00,PM,Tarde,Diurno
51900,14:25:00,14:25:00,14:15:00,14:00:00,14:00:00,PM,Tarde,Diurno
51960,14:26:00,14:26:00,14:15:00,14:00:00,14:00:00,PM,Tarde,Diurno
52020,14:27:00,14:27:00,14:15:00,14:00:00,14:00:00,PM,Tarde,Diurno
52080,14:28:00,14:28:00,14:15:00,14:00:00,14:00:00,PM,Tarde,Diurno
52140,14:29:00,14:29:00,14:15:00,14:00:00,14:00:00,PM,Tarde,Diurno
52200,14:30:00,14:30:00,14:30:00,14:30:00,14:00:00,PM,Tarde,Diurno
52260,14:31:00,14:31:00,14:30:00,14:30:00,14:00:00,PM,Tarde,Diurno
52320,14:32:00,14:32:00,14:30:00,14:30:00,14:00:00,PM,Tarde,Diurno
52380,14:33:00,14:33:00,14:30:00,14:30:00,14:00:00,PM,Tarde,Diurno
52440,14:34:00,14:34:00,14:30:00,14:30:00,14:00:00,PM,Tarde,Diurno
52500,14:35:00,14:35:00,14:30:00,14:30:00,14:00:00,PM,Tarde,Diurno
52560,14:36:00,14:36:00,14:30:00,14:30:00,14:00:00,PM,Tarde,Diurno
52620,14:37:00,14:37:00,14:30:00,14:30:00,14:00:00,PM,Tarde,Diurno
52680,14:38:00,14:38:00,14:30:00,14:30:00,14:00:00,PM,Tarde,Diurno
52740,14:39:00,14:39:00,14:30:00,14:30:00,14:00:00,PM,Tarde,Diurno
52800,14:40:00,14:40:00,14:30:00,14:30:00,14:00:00,PM,Tarde,Diurno
52860,14:41:00,14:41:00,14:30:00,14:30:00,14:00:00,PM,Tarde,Diurno
52920,14:42:00,14:42:00,14:30:00,14:30:00,14:00:00,PM,Tarde,Diurno
52980,14:43:00,14:43:00,14:30:00,14:30:00,14:00:00,PM,Tarde,Diurno
53040,14:44:00,14:44:00,14:30:00,14:30:00,14:00:00,PM,Tarde,Diurno
53100,14:45:00,14:45:00,14:45:00,14:30:00,14:00:00,PM,Tarde,Diurno
53160,14:46:00,14:46:00,14:45:00,14:30:00,14:00:00,PM,Tarde,Diurno
53220,14:47:00,14:47:00,14:45:00,14:30:00,14:00:00,PM,Tarde,Diurno
53280,14:48:00,14:48:00,14:45:00,14:30:00,14:00:00,PM,Tarde,Diurno
53340,14:49:00,14:49:00,14:45:00,14:30:00,14:00:00,PM,Tarde,Diurno
53400,14:50:00,14:50:00,14:45:00,14:30:00,14:00:00,PM,Tarde,Diurno
53460,14:51:00,14:51:00,14:45:00,14:30:00,14:00:00,PM,Tarde,Diurno
53520,14:52:00,14:52:00,14:45:00,14:30:00,14:00:00,PM,Tarde,Diurno
53580,14:53:00,14:53:00,14:45:00,14:30:00,14:00:00,PM,Tarde,Diurno
53640,14:54:00,14:54:00,14:45:00,14:30:00,14:00:00,PM,Tarde,Diurno
53700,14:55:00,14:55:00,14:45:00,14:30:00,14:00:00,PM,Tarde,Diurno
53760,14:56:00,14:56:00,14:45:00,14:30:00,14:00:00,PM,Tarde,Diurno
53820,14:57:00,14:57:00,14:45:00,14:30:00,14:00:00,PM,Tarde,Diurno
53880,14:58:00,14:58:00,14:45:00,14:30:00,14:00:00,PM,Tarde,Diurno
53940,14:59:00,14:59:00,14:45:00,14:30:00,14:00:00,PM,Tarde,Diurno
54000,15:00:00,15:00:00,15:00:00,15:00:00,15:00:00,PM,Tarde,Diurno
54060,15:01:00,15:01:00,15:00:00,15:00:00,15:00:00,PM,Tarde,Diurno
54120,15:02:00,15:02:00,15:00:00,15:00:00,15:00:00,PM,Tarde,Diurno
54180,15:03:00,15:03:00,15:00:00,15:00:00,15:00:00,PM,Tarde,Diurno
54240,15:04:00,15:04:00,15:00:00,15:00:00,15:00:00,PM,Tarde,Diurno
54300,15:05:00,15:05:00,15:00:00,15:00:00,15:00:00,PM,Tarde,Diurno
54360,15:06:00,15:06:00,15:00:00,15:00:00,15:00:00,PM,Tarde,Diurno
54420,15:07:00,15:07:00,15:00:00,15:00:00,15:00:00,PM,Tarde,Diurno
54480,15:08:00,15:08:00,15:00:00,15:00:00,15:00:00,PM,Tarde,Diurno
54540,15:09:00,15:09:00,15:00:00,15:00:00,15:00:00,PM,Tarde,Diurno
54600,15:10:00,15:10:00,15:00:00,15:00:00,15:00:00,PM,Tarde,Diurno
54660,15:11:00,15:11:00,15:00:00,15:00:00,15:00:00,PM,Tarde,Diurno
54720,15:12:00,15:12:00,15:00:00,15:00:00,15:00:00,PM,Tarde,Diurno
54780,15:13:00,15:13:00,15:00:00,15:00:00,15:00:00,PM,Tarde,Diurno
54840,15:14:00,15:14:00,15:00:00,15:00:00,15:00:00,PM,Tarde,Diurno
54900,15:15:00,15:15:00,15:15:00,15:00:00,15:00:00,PM,Tarde,Diurno
54960,15:16:00,15:16:00,15:15:00,15:00:00,15:00:00,PM,Tarde,Diurno
55020,15:17:00,15:17:00,15:15:00,15:00:00,15:00:00,PM,Tarde,Diurno
55080,15:18:00,15:18:00,15:15:00,15:00:00,15:00:00,PM,Tarde,Diurno
55140,15:19:00,15:19:00,15:15:00,15:00:00,15:00:00,PM,Tarde,Diurno
55200,15:20:00,15:20:00,15:15:00,15:00:00,15:00:00,PM,Tarde,Diurno
55260,15:21:00,15:21:00,15:15:00,15:00:00,15:00:00,PM,Tarde,Diurno
55320,15:22:00,15:22:00,15:15:00,15:00:00,15:00:00,PM,Tarde,Diurno
55380,15:23:00,15:23:00,15:15:00,15:00:00,15:00:00,PM,Tarde,Diurno
55440,15:24:00,15:24:00,15:15:00,15:00:00,15:00:00,PM,Tarde,Diurno
55500,15:25:00,15:25:00,15:15:00,15:00:00,15:00:00,PM,Tarde,Diurno
55560,15:26:00,15:26:00,15:15:00,15:00:00,15:00:00,PM,Tarde,Diurno
55620,15:27:00,15:27:00,15:15:00,15:00:00,15:00:00,PM,Tarde,Diurno
55680,15:28:00,15:28:00,15:15:00,15:00:00,15:00:00,PM,Tarde,Diurno
55740,15:29:00,15:29:00,15:15:00,15:00:00,15:00:00,PM,Tarde,Diurno
55800,15:30:00,15:30:00,15:30:00,15:30:00,15:00:00,PM,Tarde,Diurno
55860,15:31:00,15:31:00,15:30:00,15:30:00,15:00:00,PM,Tarde,Diurno
55920,15:32:00,15:32:00,15:30:00,15:30:00,15:00:00,PM,Tarde,Diurno
55980,15:33:00,15:33:00,15:30:00,15:30:00,15:00:00,PM,Tarde,Diurno
56040,15:34:00,15:34:00,15:30:00,15:30:00,15:00:00,PM,Tarde,Diurno
56100,15:35:00,15:35:00,15:30:00,15:30:00,15:00:00,PM,Tarde,Diurno
56160,15:36:00,15:36:00,15:30:00,15:30:00,15:00:00,PM,Tarde,Diurno
56220,15:37:00,15:37:00,15:30:00,15:30:00,15:00:00,PM,Tarde,Diurno
56280,15:38:00,15:38:00,15:30:00,15:30:00,15:00:00,PM,Tarde,Diurno
56340,15:39:00,15:39:00,15:30:00,15:30:00,15:00:00,PM,Tarde,Diurno
56400,15:40:00,15:40:00,15:30:00,15:30:00,15:00:00,PM,Tarde,Diurno
56460,15:41:00,15:41:00,15:30:00,15:30:00,15:00:00,PM,Tarde,Diurno
56520,15:42:00,15:42:00,15:30:00,15:30:00,15:00:00,PM,Tarde,Diurno
56580,15:43:00,15:43:00,15:30:00,15:30:00,15:00:00,PM,Tarde,Diurno
56640,15:44:00,15:44:00,15:30:00,15:30:00,15:00:00,PM,Tarde,Diurno
56700,15:45:00,15:45:00,15:45:00,15:30:00,15:00:00,PM,Tarde,Diurno
56760,15:46:00,15:46:00,15:45:00,15:30:00,15:00:00,PM,Tarde,Diurno
56820,15:47:00,15:47:00,15:45:00,15:30:00,15:00:00,PM,Tarde,Diurno
56880,15:48:00,15:48:00,15:45:00,15:30:00,15:00:00,PM,Tarde,Diurno
56940,15:49:00,15:49:00,15:45:00,15:30:00,15:00:00,PM,Tarde,Diurno
57000,15:50:00,15:50:00,15:45:00,15:30:00,15:00:00,PM,Tarde,Diurno
57060,15:51:00,15:51:00,15:45:00,15:30:00,15:00:00,PM,Tarde,Diurno
57120,15:52:00,15:52:00,15:45:00,15:30:00,15:00:00,PM,Tarde,Diurno
57180,15:53:00,15:53:00,15:45:00,15:30:00,15:00:00,PM,Tarde,Diurno
57240,15:54:00,15:54:00,15:45:00,15:30:00,15:00:00,PM,Tarde,Diurno
57300,15:55:00,15:55:00,15:45:00,15:30:00,15:00:00,PM,Tarde,Diurno
57360,15:56:00,15:56:00,15:45:00,15:30:00,15:00:00,PM,Tarde,Diurno
57420,15:57:00,15:57:00,15:45:00,15:30:00,15:00:00,PM,Tarde,Diurno
57480,15:58:00,15:58:00,15:45:00,15:30:00,15:00:00,PM,Tarde,Diurno
57540,15:59:00,15:59:00,15:45:00,15:30:00,15:00:00,PM,Tarde,Diurno
57600,16:00:00,16:00:00,16:00:00,16:00:00,16:00:00,PM,Tarde,Diurno
57660,16:01:00,16:01:00,16:00:00,16:00:00,16:00:00,PM,Tarde,Diurno
57720,16:02:00,16:02:00,16:00:00,16:00:00,16:00:00,PM,Tarde,Diurno
57780,16:03:00,16:03:00,16:00:00,16:00:00,16:00:00,PM,Tarde,Diurno
57840,16:04:00,16:04:00,16:00:00,16:00:00,16:00:00,PM,Tarde,Diurno
57900,16:05:00,16:05:00,16:00:00,16:00:00,16:00:00,PM,Tarde,Diurno
57960,16:06:00,16:06:00,16:00:00,16:00:00,16:00:00,PM,Tarde,Diurno
58020,16:07:00,16:07:00,16:00:00,16:00:00,16:00:00,PM,Tarde,Diurno
58080,16:08:00,16:08:00,16:00:00,16:00:00,16:00:00,PM,Tarde,Diurno
58140,16:09:00,16:09:00,16:00:00,16:00:00,16:00:00,PM,Tarde,Diurno
58200,16:10:00,16:10:00,16:00:00,16:00:00,16:00:00,PM,Tarde,Diurno
58260,16:11:00,16:11:00,16:00:00,16:00:00,16:00:00,PM,Tarde,Diurno
58320,16:12:00,16:12:00,16:00:00,16:00:00,16:00:00,PM,Tarde,Diurno
58380,16:13:00,16:13:00,16:00:00,16:00:00,16:00:00,PM,Tarde,Diurno
58440,16:14:00,16:14:00,16:00:00,16:00:00,16:00:00,PM,Tarde,Diurno
58500,16:15:00,16:15:00,16:15:00,16:00:00,16:00:00,PM,Tarde,Diurno
58560,16:16:00,16:16:00,16:15:00,16:00:00,16:00:00,PM,Tarde,Diurno
58620,16:17:00,16:17:00,16:15:00,16:00:00,16:00:00,PM,Tarde,Diurno
58680,16:18:00,16:18:00,16:15:00,16:00:00,16:00:00,PM,Tarde,Diurno
58740,16:19:00,16:19:00,16:15:00,16:00:00,16:00:00,PM,Tarde,Diurno
58800,16:20:00,16:20:00,16:15:00,16:00:00,16:00:00,PM,Tarde,Diurno
58860,16:21:00,16:21:00,16:15:00,16:00:00,16:00:00,PM,Tarde,Diurno
58920,16:22:00,16:22:00,16:15:00,16:00:00,16:00:00,PM,Tarde,Diurno
58980,16:23:00,16:23:00,16:15:00,16:00:00,16:00:00,PM,Tarde,Diurno
59040,16:24:00,16:24:00,16:15:00,16:00:00,16:00:00,PM,Tarde,Diurno
59100,16:25:00,16:25:00,16:15:00,16:00:00,16:00:00,PM,Tarde,Diurno
59160,16:26:00,16:26:00,16:15:00,16:00:00,16:00:00,PM,Tarde,Diurno
59220,16:27:00,16:27:00,16:15:00,16:00:00,16:00:00,PM,Tarde,Diurno
59280,16:28:00,16:28:00,16:15:00,16:00:00,16:00:00,PM,Tarde,Diurno
59340,16:29:00,16:29:00,16:15:00,16:00:00,16:00:00,PM,Tarde,Diurno
59400,16:30:00,16:30:00,16:30:00,16:30:00,16:00:00,PM,Tarde,Diurno
59460,16:31:00,16:31:00,16:30:00,16:30:00,16:00:00,PM,Tarde,Diurno
59520,16:32:00,16:32:00,16:30:00,16:30:00,16:00:00,PM,Tarde,Diurno
59580,16:33:00,16:33:00,16:30:00,16:30:00,16:00:00,PM,Tarde,Diurno
59640,16:34:00,16:34:00,16:30:00,16:30:00,16:00:00,PM,Tarde,Diurno
59700,16:35:00,16:35:00,16:30:00,16:30:00,16:00:00,PM,Tarde,Diurno
59760,16:36:00,16:36:00,16:30:00,16:30:00,16:00:00,PM,Tarde,Diurno
59820,16:37:00,16:37:00,16:30:00,16:30:00,16:00:00,PM,Tarde,Diurno
59880,16:38:00,16:38:00,16:30:00,16:30:00,16:00:00,PM,Tarde,Diurno
59940,16:39:00,16:39:00,16:30:00,16:30:00,16:00:00,PM,Tarde,Diurno
60000,16:40:00,16:40:00,16:30:00,16:30:00,16:00:00,PM,Tarde,Diurno
60060,16:41:00,16:41:00,16:30:00,16:30:00,16:00:00,PM,Tarde,Diurno
60120,16:42:00,16:42:00,16:30:00,16:30:00,16:00:00,PM,Tarde,Diurno
60180,16:43:00,16:43:00,16:30:00,16:30:00,16:00:00,PM,Tarde,Diurno
60240,16:44:00,16:44:00,16:30:00,16:30:00,16:00:00,PM,Tarde,Diurno
60300,16:45:00,16:45:00,16:45:00,16:30:00,16:00:00,PM,Tarde,Diurno
60360,16:46:00,16:46:00,16:45:00,16:30:00,16:00:00,PM,Tarde,Diurno
60420,16:47:00,16:47:00,16:45:00,16:30:00,16:00:00,PM,Tarde,Diurno
60480,16:48:00,16:48:00,16:45:00,16:30:00,16:00:00,PM,Tarde,Diurno
60540,16:49:00,16:49:00,16:45:00,16:30:00,16:00:00,PM,Tarde,Diurno
60600,16:50:00,16:50:00,16:45:00,16:30:00,16:00:00,PM,Tarde,Diurno
60660,16:51:00,16:51:00,16:45:00,16:30:00,16:00:00,PM,Tarde,Diurno
60720,16:52:00,16:52:00,16:45:00,16:30:00,16:00:00,PM,Tarde,Diurno
60780,16:53:00,16:53:00,16:45:00,16:30:00,16:00:00,PM,Tarde,Diurno
60840,16:54:00,16:54:00,16:45:00,16:30:00,16:00:00,PM,Tarde,Diurno
60900,16:55:00,16:55:00,16:45:00,16:30:00,16:00:00,PM,Tarde,Diurno
60960,16:56:00,16:56:00,16:45:00,16:30:00,16:00:00,PM,Tarde,Diurno
61020,16:57:00,16:57:00,16:45:00,16:30:00,16:00:00,PM,Tarde,Diurno
61080,16:58:00,16:58:00,16:45:00,16:30:00,16:00:00,PM,Tarde,Diurno
61140,16:59:00,16:59:00,16:45:00,16:30:00,16:00:00,PM,Tarde,Diurno
61200,17:00:00,17:00:00,17:00:00,17:00:00,17:00:00,PM,Tarde,Diurno
61260,17:01:00,17:01:00,17:00:00,17:00:00,17:00:00,PM,Tarde,Diurno
61320,17:02:00,17:02:00,17:00:00,17:00:00,17:00:00,PM,Tarde,Diurno
61380,17:03:00,17:03:00,17:00:00,17:00:00,17:00:00,PM,Tarde,Diurno
61440,17:04:00,17:04:00,17:00:00,17:00:00,17:00:00,PM,Tarde,Diurno
61500,17:05:00,17:05:00,17:00:00,17:00:00,17:00:00,PM,Tarde,Diurno
61560,17:06:00,17:06:00,17:00:00,17:00:00,17:00:00,PM,Tarde,Diurno
61620,17:07:00,17:07:00,17:00:00,17:00:00,17:00:00,PM,Tarde,Diurno
61680,17:08:00,17:08:00,17:00:00,17:00:00,17:00:00,PM,Tarde,Diurno
61740,17:09:00,17:09:00,17:00:00,17:00:00,17:00:00,PM,Tarde,Diurno
61800,17:10:00,17:10:00,17:00:00,17:00:00,17:00:00,PM,Tarde,Diurno
61860,17:11:00,17:11:00,17:00:00,17:00:00,17:00:00,PM,Tarde,Diurno
61920,17:12:00,17:12:00,17:00:00,17:00:00,17:00:00,PM,Tarde,Diurno
61980,17:13:00,17:13:00,17:00:00,17:00:00,17:00:00,PM,Tarde,Diurno
62040,17:14:00,17:14:00,17:00:00,17:00:00,17:00:00,PM,Tarde,Diurno
62100,17:15:00,17:15:00,17:15:00,17:00:00,17:00:00,PM,Tarde,Diurno
62160,17:16:00,17:16:00,17:15:00,17:00:00,17:00:00,PM,Tarde,Diurno
62220,17:17:00,17:17:00,17:15:00,17:00:00,17:00:00,PM,Tarde,Diurno
62280,17:18:00,17:18:00,17:15:00,17:00:00,17:00:00,PM,Tarde,Diurno
62340,17:19:00,17:19:00,17:15:00,17:00:00,17:00:00,PM,Tarde,Diurno
62400,17:20:00,17:20:00,17:15:00,17:00:00,17:00:00,PM,Tarde,Diurno
62460,17:21:00,17:21:00,17:15:00,17:00:00,17:00:00,PM,Tarde,Diurno
62520,17:22:00,17:22:00,17:15:00,17:00:00,17:00:00,PM,Tarde,Diurno
62580,17:23:00,17:23:00,17:15:00,17:00:00,17:00:00,PM,Tarde,Diurno
62640,17:24:00,17:24:00,17:15:00,17:00:00,17:00:00,PM,Tarde,Diurno
62700,17:25:00,17:25:00,17:15:00,17:00:00,17:00:00,PM,Tarde,Diurno
62760,17:26:00,17:26:00,17:15:00,17:00:00,17:00:00,PM,Tarde,Diurno
62820,17:27:00,17:27:00,17:15:00,17:00:00,17:00:00,PM,Tarde,Diurno
62880,17:28:00,17:28:00,17:15:00,17:00:00,17:00:00,PM,Tarde,Diurno
62940,17:29:00,17:29:00,17:15:00,17:00:00,17:00:00,PM,Tarde,Diurno
63000,17:30:00,17:30:00,17:30:00,17:30:00,17:00:00,PM,Tarde,Diurno
63060,17:31:00,17:31:00,17:30:00,17:30:00,17:00:00,PM,Tarde,Diurno
63120,17:32:00,17:32:00,17:30:00,17:30:00,17:00:00,PM,Tarde,Diurno
63180,17:33:00,17:33:00,17:30:00,17:30:00,17:00:00,PM,Tarde,Diurno
63240,17:34:00,17:34:00,17:30:00,17:30:00,17:00:00,PM,Tarde,Diurno
63300,17:35:00,17:35:00,17:30:00,17:30:00,17:00:00,PM,Tarde,Diurno
63360,17:36:00,17:36:00,17:30:00,17:30:00,17:00:00,PM,Tarde,Diurno
63420,17:37:00,17:37:00,17:30:00,17:30:00,17:00:00,PM,Tarde,Diurno
63480,17:38:00,17:38:00,17:30:00,17:30:00,17:00:00,PM,Tarde,Diurno
63540,17:39:00,17:39:00,17:30:00,17:30:00,17:00:00,PM,Tarde,Diurno
63600,17:40:00,17:40:00,17:30:00,17:30:00,17:00:00,PM,Tarde,Diurno
63660,17:41:00,17:41:00,17:30:00,17:30:00,17:00:00,PM,Tarde,Diurno
63720,17:42:00,17:42:00,17:30:00,17:30:00,17:00:00,PM,Tarde,Diurno
63780,17:43:00,17:43:00,17:30:00,17:30:00,17:00:00,PM,Tarde,Diurno
63840,17:44:00,17:44:00,17:30:00,17:30:00,17:00:00,PM,Tarde,Diurno
63900,17:45:00,17:45:00,17:45:00,17:30:00,17:00:00,PM,Tarde,Diurno
63960,17:46:00,17:46:00,17:45:00,17:30:00,17:00:00,PM,Tarde,Diurno
64020,17:47:00,17:47:00,17:45:00,17:30:00,17:00:00,PM,Tarde,Diurno
64080,17:48:00,17:48:00,17:45:00,17:30:00,17:00:00,PM,Tarde,Diurno
64140,17:49:00,17:49:00,17:45:00,17:30:00,17:00:00,PM,Tarde,Diurno
64200,17:50:00,17:50:00,17:45:00,17:30:00,17:00:00,PM,Tarde,Diurno
64260,17:51:00,17:51:00,17:45:00,17:30:00,17:00:00,PM,Tarde,Diurno
64320,17:52:00,17:52:00,17:45:00,17:30:00,17:00:00,PM,Tarde,Diurno
64380,17:53:00,17:53:00,17:45:00,17:30:00,17:00:00,PM,Tarde,Diurno
64440,17:54:00,17:54:00,17:45:00,17:30:00,17:00:00,PM,Tarde,Diurno
64500,17:55:00,17:55:00,17:45:00,17:30:00,17:00:00,PM,Tarde,Diurno
64560,17:56:00,17:56:00,17:45:00,17:30:00,17:00:00,PM,Tarde,Diurno
64620,17:57:00,17:57:00,17:45:00,17:30:00,17:00:00,PM,Tarde,Diurno
64680,17:58:00,17:58:00,17:45:00,17:30:00,17:00:00,PM,Tarde,Diurno
64740,17:59:00,17:59:00,17:45:00,17:30:00,17:00:00,PM,Tarde,Diurno
64800,18:00:00,18:00:00,18:00:00,18:00:00,18:00:00,PM,Tarde,Diurno
64860,18:01:00,18:01:00,18:00:00,18:00:00,18:00:00,PM,Tarde,Diurno
64920,18:02:00,18:02:00,18:00:00,18:00:00,18:00:00,PM,Tarde,Diurno
64980,18:03:00,18:03:00,18:00:00,18:00:00,18:00:00,PM,Tarde,Diurno
65040,18:04:00,18:04:00,18:00:00,18:00:00,18:00:00,PM,Tarde,Diurno
65100,18:05:00,18:05:00,18:00:00,18:00:00,18:00:00,PM,Tarde,Diurno
65160,18:06:00,18:06:00,18:00:00,18:00:00,18:00:00,PM,Tarde,Diurno
65220,18:07:00,18:07:00,18:00:00,18:00:00,18:00:00,PM,Tarde,Diurno
65280,18:08:00,18:08:00,18:00:00,18:00:00,18:00:00,PM,Tarde,Diurno
65340,18:09:00,18:09:00,18:00:00,18:00:00,18:00:00,PM,Tarde,Diurno
65400,18:10:00,18:10:00,18:00:00,18:00:00,18:00:00,PM,Tarde,Diurno
65460,18:11:00,18:11:00,18:00:00,18:00:00,18:00:00,PM,Tarde,Diurno
65520,18:12:00,18:12:00,18:00:00,18:00:00,18:00:00,PM,Tarde,Diurno
65580,18:13:00,18:13:00,18:00:00,18:00:00,18:00:00,PM,Tarde,Diurno
65640,18:14:00,18:14:00,18:00:00,18:00:00,18:00:00,PM,Tarde,Diurno
65700,18:15:00,18:15:00,18:15:00,18:00:00,18:00:00,PM,Tarde,Diurno
65760,18:16:00,18:16:00,18:15:00,18:00:00,18:00:00,PM,Tarde,Diurno
65820,18:17:00,18:17:00,18:15:00,18:00:00,18:00:00,PM,Tarde,Diurno
65880,18:18:00,18:18:00,18:15:00,18:00:00,18:00:00,PM,Tarde,Diurno
65940,18:19:00,18:19:00,18:15:00,18:00:00,18:00:00,PM,Tarde,Diurno
66000,18:20:00,18:20:00,18:15:00,18:00:00,18:00:00,PM,Tarde,Diurno
66060,18:21:00,18:21:00,18:15:00,18:00:00,18:00:00,PM,Tarde,Diurno
66120,18:22:00,18:22:00,18:15:00,18:00:00,18:00:00,PM,Tarde,Diurno
66180,18:23:00,18:23:00,18:15:00,18:00:00,18:00:00,PM,Tarde,Diurno
66240,18:24:00,18:24:00,18:15:00,18:00:00,18:00:00,PM,Tarde,Diurno
66300,18:25:00,18:25:00,18:15:00,18:00:00,18:00:00,PM,Tarde,Diurno
66360,18:26:00,18:26:00,18:15:00,18:00:00,18:00:00,PM,Tarde,Diurno
66420,18:27:00,18:27:00,18:15:00,18:00:00,18:00:00,PM,Tarde,Diurno
66480,18:28:00,18:28:00,18:15:00,18:00:00,18:00:00,PM,Tarde,Diurno
66540,18:29:00,18:29:00,18:15:00,18:00:00,18:00:00,PM,Tarde,Diurno
66600,18:30:00,18:30:00,18:30:00,18:30:00,18:00:00,PM,Tarde,Diurno
66660,18:31:00,18:31:00,18:30:00,18:30:00,18:00:00,PM,Tarde,Diurno
66720,18:32:00,18:32:00,18:30:00,18:30:00,18:00:00,PM,Tarde,Diurno
66780,18:33:00,18:33:00,18:30:00,18:30:00,18:00:00,PM,Tarde,Diurno
66840,18:34:00,18:34:00,18:30:00,18:30:00,18:00:00,PM,Tarde,Diurno
66900,18:35:00,18:35:00,18:30:00,18:30:00,18:00:00,PM,Tarde,Diurno
66960,18:36:00,18:36:00,18:30:00,18:30:00,18:00:00,PM,Tarde,Diurno
67020,18:37:00,18:37:00,18:30:00,18:30:00,18:00:00,PM,Tarde,Diurno
67080,18:38:00,18:38:00,18:30:00,18:30:00,18:00:00,PM,Tarde,Diurno
67140,18:39:00,18:39:00,18:30:00,18:30:00,18:00:00,PM,Tarde,Diurno
67200,18:40:00,18:40:00,18:30:00,18:30:00,18:00:00,PM,Tarde,Diurno
67260,18:41:00,18:41:00,18:30:00,18:30:00,18:00:00,PM,Tarde,Diurno
67320,18:42:00,18:42:00,18:30:00,18:30:00,18:00:00,PM,Tarde,Diurno
67380,18:43:00,18:43:00,18:30:00,18:30:00,18:00:00,PM,Tarde,Diurno
67440,18:44:00,18:44:00,18:30:00,18:30:00,18:00:00,PM,Tarde,Diurno
67500,18:45:00,18:45:00,18:45:00,18:30:00,18:00:00,PM,Tarde,Diurno
67560,18:46:00,18:46:00,18:45:00,18:30:00,18:00:00,PM,Tarde,Diurno
67620,18:47:00,18:47:00,18:45:00,18:30:00,18:00:00,PM,Tarde,Diurno
67680,18:48:00,18:48:00,18:45:00,18:30:00,18:00:00,PM,Tarde,Diurno
67740,18:49:00,18:49:00,18:45:00,18:30:00,18:00:00,PM,Tarde,Diurno
67800,18:50:00,18:50:00,18:45:00,18:30:00,18:00:00,PM,Tarde,Diurno
67860,18:51:00,18:51:00,18:45:00,18:30:00,18:00:00,PM,Tarde,Diurno
67920,18:52:00,18:52:00,18:45:00,18:30:00,18:00:00,PM,Tarde,Diurno
67980,18:53:00,18:53:00,18:45:00,18:30:00,18:00:00,PM,Tarde,Diurno
68040,18:54:00,18:54:00,18:45:00,18:30:00,18:00:00,PM,Tarde,Diurno
68100,18:55:00,18:55:00,18:45:00,18:30:00,18:00:00,PM,Tarde,Diurno
68160,18:56:00,18:56:00,18:45:00,18:30:00,18:00:00,PM,Tarde,Diurno
68220,18:57:00,18:57:00,18:45:00,18:30:00,18:00:00,PM,Tarde,Diurno
68280,18:58:00,18:58:00,18:45:00,18:30:00,18:00:00,PM,Tarde,Diurno
68340,18:59:00,18:59:00,18:45:00,18:30:00,18:00:00,PM,Tarde,Diurno
68400,19:00:00,19:00:00,19:00:00,19:00:00,19:00:00,PM,Tarde,Diurno
68460,19:01:00,19:01:00,19:00:00,19:00:00,19:00:00,PM,Tarde,Diurno
68520,19:02:00,19:02:00,19:00:00,19:00:00,19:00:00,PM,Tarde,Diurno
68580,19:03:00,19:03:00,19:00:00,19:00:00,19:00:00,PM,Tarde,Diurno
68640,19:04:00,19:04:00,19:00:00,19:00:00,19:00:00,PM,Tarde,Diurno
68700,19:05:00,19:05:00,19:00:00,19:00:00,19:00:00,PM,Tarde,Diurno
68760,19:06:00,19:06:00,19:00:00,19:00:00,19:00:00,PM,Tarde,Diurno
68820,19:07:00,19:07:00,19:00:00,19:00:00,19:00:00,PM,Tarde,Diurno
68880,19:08:00,19:08:00,19:00:00,19:00:00,19:00:00,PM,Tarde,Diurno
68940,19:09:00,19:09:00,19:00:00,19:00:00,19:00:00,PM,Tarde,Diurno
69000,19:10:00,19:10:00,19:00:00,19:00:00,19:00:00,PM,Tarde,Diurno
69060,19:11:00,19:11:00,19:00:00,19:00:00,19:00:00,PM,Tarde,Diurno
69120,19:12:00,19:12:00,19:00:00,19:00:00,19:00:00,PM,Tarde,Diurno
69180,19:13:00,19:13:00,19:00:00,19:00:00,19:00:00,PM,Tarde,Diurno
69240,19:14:00,19:14:00,19:00:00,19:00:00,19:00:00,PM,Tarde,Diurno
69300,19:15:00,19:15:00,19:15:00,19:00:00,19:00:00,PM,Tarde,Diurno
69360,19:16:00,19:16:00,19:15:00,19:00:00,19:00:00,PM,Tarde,Diurno
69420,19:17:00,19:17:00,19:15:00,19:00:00,19:00:00,PM,Tarde,Diurno
69480,19:18:00,19:18:00,19:15:00,19:00:00,19:00:00,PM,Tarde,Diurno
69540,19:19:00,19:19:00,19:15:00,19:00:00,19:00:00,PM,Tarde,Diurno
69600,19:20:00,19:20:00,19:15:00,19:00:00,19:00:00,PM,Tarde,Diurno
69660,19:21:00,19:21:00,19:15:00,19:00:00,19:00:00,PM,Tarde,Diurno
69720,19:22:00,19:22:00,19:15:00,19:00:00,19:00:00,PM,Tarde,Diurno
69780,19:23:00,19:23:00,19:15:00,19:00:00,19:00:00,PM,Tarde,Diurno
69840,19:24:00,19:24:00,19:15:00,19:00:00,19:00:00,PM,Tarde,Diurno
69900,19:25:00,19:25:00,19:15:00,19:00:00,19:00:00,PM,Tarde,Diurno
69960,19:26:00,19:26:00,19:15:00,19:00:00,19:00:00,PM,Tarde,Diurno
70020,19:27:00,19:27:00,19:15:00,19:00:00,19:00:00,PM,Tarde,Diurno
70080,19:28:00,19:28:00,19:15:00,19:00:00,19:00:00,PM,Tarde,Diurno
70140,19:29:00,19:29:00,19:15:00,19:00:00,19:00:00,PM,Tarde,Diurno
70200,19:30:00,19:30:00,19:30:00,19:30:00,19:00:00,PM,Tarde,Diurno
70260,19:31:00,19:31:00,19:30:00,19:30:00,19:00:00,PM,Tarde,Diurno
70320,19:32:00,19:32:00,19:30:00,19:30:00,19:00:00,PM,Tarde,Diurno
70380,19:33:00,19:33:00,19:30:00,19:30:00,19:00:00,PM,Tarde,Diurno
70440,19:34:00,19:34:00,19:30:00,19:30:00,19:00:00,PM,Tarde,Diurno
70500,19:35:00,19:35:00,19:30:00,19:30:00,19:00:00,PM,Tarde,Diurno
70560,19:36:00,19:36:00,19:30:00,19:30:00,19:00:00,PM,Tarde,Diurno
70620,19:37:00,19:37:00,19:30:00,19:30:00,19:00:00,PM,Tarde,Diurno
70680,19:38:00,19:38:00,19:30:00,19:30:00,19:00:00,PM,Tarde,Diurno
70740,19:39:00,19:39:00,19:30:00,19:30:00,19:00:00,PM,Tarde,Diurno
70800,19:40:00,19:40:00,19:30:00,19:30:00,19:00:00,PM,Tarde,Diurno
70860,19:41:00,19:41:00,19:30:00,19:30:00,19:00:00,PM,Tarde,Diurno
70920,19:42:00,19:42:00,19:30:00,19:30:00,19:00:00,PM,Tarde,Diurno
70980,19:43:00,19:43:00,19:30:00,19:30:00,19:00:00,PM,Tarde,Diurno
71040,19:44:00,19:44:00,19:30:00,19:30:00,19:00:00,PM,Tarde,Diurno
71100,19:45:00,19:45:00,19:45:00,19:30:00,19:00:00,PM,Tarde,Diurno
71160,19:46:00,19:46:00,19:45:00,19:30:00,19:00:00,PM,Tarde,Diurno
71220,19:47:00,19:47:00,19:45:00,19:30:00,19:00:00,PM,Tarde,Diurno
71280,19:48:00,19:48:00,19:45:00,19:30:00,19:00:00,PM,Tarde,Diurno
71340,19:49:00,19:49:00,19:45:00,19:30:00,19:00:00,PM,Tarde,Diurno
71400,19:50:00,19:50:00,19:45:00,19:30:00,19:00:00,PM,Tarde,Diurno
71460,19:51:00,19:51:00,19:45:00,19:30:00,19:00:00,PM,Tarde,Diurno
71520,19:52:00,19:52:00,19:45:00,19:30:00,19:00:00,PM,Tarde,Diurno
71580,19:53:00,19:53:00,19:45:00,19:30:00,19:00:00,PM,Tarde,Diurno
71640,19:54:00,19:54:00,19:45:00,19:30:00,19:00:00,PM,Tarde,Diurno
71700,19:55:00,19:55:00,19:45:00,19:30:00,19:00:00,PM,Tarde,Diurno
71760,19:56:00,19:56:00,19:45:00,19:30:00,19:00:00,PM,Tarde,Diurno
71820,19:57:00,19:57:00,19:45:00,19:30:00,19:00:00,PM,Tarde,Diurno
71880,19:58:00,19:58:00,19:45:00,19:30:00,19:00:00,PM,Tarde,Diurno
71940,19:59:00,19:59:00,19:45:00,19:30:00,19:00:00,PM,Tarde,Diurno
72000,20:00:00,20:00:00,20:00:00,20:00:00,20:00:00,PM,Tarde,Diurno
72060,20:01:00,20:01:00,20:00:00,20:00:00,20:00:00,PM,Tarde,Diurno
72120,20:02:00,20:02:00,20:00:00,20:00:00,20:00:00,PM,Tarde,Diurno
72180,20:03:00,20:03:00,20:00:00,20:00:00,20:00:00,PM,Tarde,Diurno
72240,20:04:00,20:04:00,20:00:00,20:00:00,20:00:00,PM,Tarde,Diurno
72300,20:05:00,20:05:00,20:00:00,20:00:00,20:00:00,PM,Tarde,Diurno
72360,20:06:00,20:06:00,20:00:00,20:00:00,20:00:00,PM,Tarde,Diurno
72420,20:07:00,20:07:00,20:00:00,20:00:00,20:00:00,PM,Tarde,Diurno
72480,20:08:00,20:08:00,20:00:00,20:00:00,20:00:00,PM,Tarde,Diurno
72540,20:09:00,20:09:00,20:00:00,20:00:00,20:00:00,PM,Tarde,Diurno
72600,20:10:00,20:10:00,20:00:00,20:00:00,20:00:00,PM,Tarde,Diurno
72660,20:11:00,20:11:00,20:00:00,20:00:00,20:00:00,PM,Tarde,Diurno
72720,20:12:00,20:12:00,20:00:00,20:00:00,20:00:00,PM,Tarde,Diurno
72780,20:13:00,20:13:00,20:00:00,20:00:00,20:00:00,PM,Tarde,Diurno
72840,20:14:00,20:14:00,20:00:00,20:00:00,20:00:00,PM,Tarde,Diurno
72900,20:15:00,20:15:00,20:15:00,20:00:00,20:00:00,PM,Tarde,Diurno
72960,20:16:00,20:16:00,20:15:00,20:00:00,20:00:00,PM,Tarde,Diurno
73020,20:17:00,20:17:00,20:15:00,20:00:00,20:00:00,PM,Tarde,Diurno
73080,20:18:00,20:18:00,20:15:00,20:00:00,20:00:00,PM,Tarde,Diurno
73140,20:19:00,20:19:00,20:15:00,20:00:00,20:00:00,PM,Tarde,Diurno
73200,20:20:00,20:20:00,20:15:00,20:00:00,20:00:00,PM,Tarde,Diurno
73260,20:21:00,20:21:00,20:15:00,20:00:00,20:00:00,PM,Tarde,Diurno
73320,20:22:00,20:22:00,20:15:00,20:00:00,20:00:00,PM,Tarde,Diurno
73380,20:23:00,20:23:00,20:15:00,20:00:00,20:00:00,PM,Tarde,Diurno
73440,20:24:00,20:24:00,20:15:00,20:00:00,20:00:00,PM,Tarde,Diurno
73500,20:25:00,20:25:00,20:15:00,20:00:00,20:00:00,PM,Tarde,Diurno
73560,20:26:00,20:26:00,20:15:00,20:00:00,20:00:00,PM,Tarde,Diurno
73620,20:27:00,20:27:00,20:15:00,20:00:00,20:00:00,PM,Tarde,Diurno
73680,20:28:00,20:28:00,20:15:00,20:00:00,20:00:00,PM,Tarde,Diurno
73740,20:29:00,20:29:00,20:15:00,20:00:00,20:00:00,PM,Tarde,Diurno
73800,20:30:00,20:30:00,20:30:00,20:30:00,20:00:00,PM,Tarde,Diurno
73860,20:31:00,20:31:00,20:30:00,20:30:00,20:00:00,PM,Tarde,Diurno
73920,20:32:00,20:32:00,20:30:00,20:30:00,20:00:00,PM,Tarde,Diurno
73980,20:33:00,20:33:00,20:30:00,20:30:00,20:00:00,PM,Tarde,Diurno
74040,20:34:00,20:34:00,20:30:00,20:30:00,20:00:00,PM,Tarde,Diurno
74100,20:35:00,20:35:00,20:30:00,20:30:00,20:00:00,PM,Tarde,Diurno
74160,20:36:00,20:36:00,20:30:00,20:30:00,20:00:00,PM,Tarde,Diurno
74220,20:37:00,20:37:00,20:30:00,20:30:00,20:00:00,PM,Tarde,Diurno
74280,20:38:00,20:38:00,20:30:00,20:30:00,20:00:00,PM,Tarde,Diurno
74340,20:39:00,20:39:00,20:30:00,20:30:00,20:00:00,PM,Tarde,Diurno
74400,20:40:00,20:40:00,20:30:00,20:30:00,20:00:00,PM,Tarde,Diurno
74460,20:41:00,20:41:00,20:30:00,20:30:00,20:00:00,PM,Tarde,Diurno
74520,20:42:00,20:42:00,20:30:00,20:30:00,20:00:00,PM,Tarde,Diurno
74580,20:43:00,20:43:00,20:30:00,20:30:00,20:00:00,PM,Tarde,Diurno
74640,20:44:00,20:44:00,20:30:00,20:30:00,20:00:00,PM,Tarde,Diurno
74700,20:45:00,20:45:00,20:45:00,20:30:00,20:00:00,PM,Tarde,Diurno
74760,20:46:00,20:46:00,20:45:00,20:30:00,20:00:00,PM,Tarde,Diurno
74820,20:47:00,20:47:00,20:45:00,20:30:00,20:00:00,PM,Tarde,Diurno
74880,20:48:00,20:48:00,20:45:00,20:30:00,20:00:00,PM,Tarde,Diurno
74940,20:49:00,20:49:00,20:45:00,20:30:00,20:00:00,PM,Tarde,Diurno
75000,20:50:00,20:50:00,20:45:00,20:30:00,20:00:00,PM,Tarde,Diurno
75060,20:51:00,20:51:00,20:45:00,20:30:00,20:00:00,PM,Tarde,Diurno
75120,20:52:00,20:52:00,20:45:00,20:30:00,20:00:00,PM,Tarde,Diurno
75180,20:53:00,20:53:00,20:45:00,20:30:00,20:00:00,PM,Tarde,Diurno
75240,20:54:00,20:54:00,20:45:00,20:30:00,20:00:00,PM,Tarde,Diurno
75300,20:55:00,20:55:00,20:45:00,20:30:00,20:00:00,PM,Tarde,Diurno
75360,20:56:00,20:56:00,20:45:00,20:30:00,20:00:00,PM,Tarde,Diurno
75420,20:57:00,20:57:00,20:45:00,20:30:00,20:00:00,PM,Tarde,Diurno
75480,20:58:00,20:58:00,20:45:00,20:30:00,20:00:00,PM,Tarde,Diurno
75540,20:59:00,20:59:00,20:45:00,20:30:00,20:00:00,PM,Tarde,Diurno
75600,21:00:00,21:00:00,21:00:00,21:00:00,21:00:00,PM,Noche,Nocturno
75660,21:01:00,21:01:00,21:00:00,21:00:00,21:00:00,PM,Noche,Nocturno
75720,21:02:00,21:02:00,21:00:00,21:00:00,21:00:00,PM,Noche,Nocturno
75780,21:03:00,21:03:00,21:00:00,21:00:00,21:00:00,PM,Noche,Nocturno
75840,21:04:00,21:04:00,21:00:00,21:00:00,21:00:00,PM,Noche,Nocturno
75900,21:05:00,21:05:00,21:00:00,21:00:00,21:00:00,PM,Noche,Nocturno
75960,21:06:00,21:06:00,21:00:00,21:00:00,21:00:00,PM,Noche,Nocturno
76020,21:07:00,21:07:00,21:00:00,21:00:00,21:00:00,PM,Noche,Nocturno
76080,21:08:00,21:08:00,21:00:00,21:00:00,21:00:00,PM,Noche,Nocturno
76140,21:09:00,21:09:00,21:00:00,21:00:00,21:00:00,PM,Noche,Nocturno
76200,21:10:00,21:10:00,21:00:00,21:00:00,21:00:00,PM,Noche,Nocturno
76260,21:11:00,21:11:00,21:00:00,21:00:00,21:00:00,PM,Noche,Nocturno
76320,21:12:00,21:12:00,21:00:00,21:00:00,21:00:00,PM,Noche,Nocturno
76380,21:13:00,21:13:00,21:00:00,21:00:00,21:00:00,PM,Noche,Nocturno
76440,21:14:00,21:14:00,21:00:00,21:00:00,21:00:00,PM,Noche,Nocturno
76500,21:15:00,21:15:00,21:15:00,21:00:00,21:00:00,PM,Noche,Nocturno
76560,21:16:00,21:16:00,21:15:00,21:00:00,21:00:00,PM,Noche,Nocturno
76620,21:17:00,21:17:00,21:15:00,21:00:00,21:00:00,PM,Noche,Nocturno
76680,21:18:00,21:18:00,21:15:00,21:00:00,21:00:00,PM,Noche,Nocturno
76740,21:19:00,21:19:00,21:15:00,21:00:00,21:00:00,PM,Noche,Nocturno
76800,21:20:00,21:20:00,21:15:00,21:00:00,21:00:00,PM,Noche,Nocturno
76860,21:21:00,21:21:00,21:15:00,21:00:00,21:00:00,PM,Noche,Nocturno
76920,21:22:00,21:22:00,21:15:00,21:00:00,21:00:00,PM,Noche,Nocturno
76980,21:23:00,21:23:00,21:15:00,21:00:00,21:00:00,PM,Noche,Nocturno
77040,21:24:00,21:24:00,21:15:00,21:00:00,21:00:00,PM,Noche,Nocturno
77100,21:25:00,21:25:00,21:15:00,21:00:00,21:00:00,PM,Noche,Nocturno
77160,21:26:00,21:26:00,21:15:00,21:00:00,21:00:00,PM,Noche,Nocturno
77220,21:27:00,21:27:00,21:15:00,21:00:00,21:00:00,PM,Noche,Nocturno
77280,21:28:00,21:28:00,21:15:00,21:00:00,21:00:00,PM,Noche,Nocturno
77340,21:29:00,21:29:00,21:15:00,21:00:00,21:00:00,PM,Noche,Nocturno
77400,21:30:00,21:30:00,21:30:00,21:30:00,21:00:00,PM,Noche,Nocturno
77460,21:31:00,21:31:00,21:30:00,21:30:00,21:00:00,PM,Noche,Nocturno
77520,21:32:00,21:32:00,21:30:00,21:30:00,21:00:00,PM,Noche,Nocturno
77580,21:33:00,21:33:00,21:30:00,21:30:00,21:00:00,PM,Noche,Nocturno
77640,21:34:00,21:34:00,21:30:00,21:30:00,21:00:00,PM,Noche,Nocturno
77700,21:35:00,21:35:00,21:30:00,21:30:00,21:00:00,PM,Noche,Nocturno
77760,21:36:00,21:36:00,21:30:00,21:30:00,21:00:00,PM,Noche,Nocturno
77820,21:37:00,21:37:00,21:30:00,21:30:00,21:00:00,PM,Noche,Nocturno
77880,21:38:00,21:38:00,21:30:00,21:30:00,21:00:00,PM,Noche,Nocturno
77940,21:39:00,21:39:00,21:30:00,21:30:00,21:00:00,PM,Noche,Nocturno
78000,21:40:00,21:40:00,21:30:00,21:30:00,21:00:00,PM,Noche,Nocturno
78060,21:41:00,21:41:00,21:30:00,21:30:00,21:00:00,PM,Noche,Nocturno
78120,21:42:00,21:42:00,21:30:00,21:30:00,21:00:00,PM,Noche,Nocturno
78180,21:43:00,21:43:00,21:30:00,21:30:00,21:00:00,PM,Noche,Nocturno
78240,21:44:00,21:44:00,21:30:00,21:30:00,21:00:00,PM,Noche,Nocturno
78300,21:45:00,21:45:00,21:45:00,21:30:00,21:00:00,PM,Noche,Nocturno
78360,21:46:00,21:46:00,21:45:00,21:30:00,21:00:00,PM,Noche,Nocturno
78420,21:47:00,21:47:00,21:45:00,21:30:00,21:00:00,PM,Noche,Nocturno
78480,21:48:00,21:48:00,21:45:00,21:30:00,21:00:00,PM,Noche,Nocturno
78540,21:49:00,21:49:00,21:45:00,21:30:00,21:00:00,PM,Noche,Nocturno
78600,21:50:00,21:50:00,21:45:00,21:30:00,21:00:00,PM,Noche,Nocturno
78660,21:51:00,21:51:00,21:45:00,21:30:00,21:00:00,PM,Noche,Nocturno
78720,21:52:00,21:52:00,21:45:00,21:30:00,21:00:00,PM,Noche,Nocturno
78780,21:53:00,21:53:00,21:45:00,21:30:00,21:00:00,PM,Noche,Nocturno
78840,21:54:00,21:54:00,21:45:00,21:30:00,21:00:00,PM,Noche,Nocturno
78900,21:55:00,21:55:00,21:45:00,21:30:00,21:00:00,PM,Noche,Nocturno
78960,21:56:00,21:56:00,21:45:00,21:30:00,21:00:00,PM,Noche,Nocturno
79020,21:57:00,21:57:00,21:45:00,21:30:00,21:00:00,PM,Noche,Nocturno
79080,21:58:00,21:58:00,21:45:00,21:30:00,21:00:00,PM,Noche,Nocturno
79140,21:59:00,21:59:00,21:45:00,21:30:00,21:00:00,PM,Noche,Nocturno
79200,22:00:00,22:00:00,22:00:00,22:00:00,22:00:00,PM,Noche,Nocturno
79260,22:01:00,22:01:00,22:00:00,22:00:00,22:00:00,PM,Noche,Nocturno
79320,22:02:00,22:02:00,22:00:00,22:00:00,22:00:00,PM,Noche,Nocturno
79380,22:03:00,22:03:00,22:00:00,22:00:00,22:00:00,PM,Noche,Nocturno
79440,22:04:00,22:04:00,22:00:00,22:00:00,22:00:00,PM,Noche,Nocturno
79500,22:05:00,22:05:00,22:00:00,22:00:00,22:00:00,PM,Noche,Nocturno
79560,22:06:00,22:06:00,22:00:00,22:00:00,22:00:00,PM,Noche,Nocturno
79620,22:07:00,22:07:00,22:00:00,22:00:00,22:00:00,PM,Noche,Nocturno
79680,22:08:00,22:08:00,22:00:00,22:00:00,22:00:00,PM,Noche,Nocturno
79740,22:09:00,22:09:00,22:00:00,22:00:00,22:00:00,PM,Noche,Nocturno
79800,22:10:00,22:10:00,22:00:00,22:00:00,22:00:00,PM,Noche,Nocturno
79860,22:11:00,22:11:00,22:00:00,22:00:00,22:00:00,PM,Noche,Nocturno
79920,22:12:00,22:12:00,22:00:00,22:00:00,22:00:00,PM,Noche,Nocturno
79980,22:13:00,22:13:00,22:00:00,22:00:00,22:00:00,PM,Noche,Nocturno
80040,22:14:00,22:14:00,22:00:00,22:00:00,22:00:00,PM,Noche,Nocturno
80100,22:15:00,22:15:00,22:15:00,22:00:00,22:00:00,PM,Noche,Nocturno
80160,22:16:00,22:16:00,22:15:00,22:00:00,22:00:00,PM,Noche,Nocturno
80220,22:17:00,22:17:00,22:15:00,22:00:00,22:00:00,PM,Noche,Nocturno
80280,22:18:00,22:18:00,22:15:00,22:00:00,22:00:00,PM,Noche,Nocturno
80340,22:19:00,22:19:00,22:15:00,22:00:00,22:00:00,PM,Noche,Nocturno
80400,22:20:00,22:20:00,22:15:00,22:00:00,22:00:00,PM,Noche,Nocturno
80460,22:21:00,22:21:00,22:15:00,22:00:00,22:00:00,PM,Noche,Nocturno
80520,22:22:00,22:22:00,22:15:00,22:00:00,22:00:00,PM,Noche,Nocturno
80580,22:23:00,22:23:00,22:15:00,22:00:00,22:00:00,PM,Noche,Nocturno
80640,22:24:00,22:24:00,22:15:00,22:00:00,22:00:00,PM,Noche,Nocturno
80700,22:25:00,22:25:00,22:15:00,22:00:00,22:00:00,PM,Noche,Nocturno
80760,22:26:00,22:26:00,22:15:00,22:00:00,22:00:00,PM,Noche,Nocturno
80820,22:27:00,22:27:00,22:15:00,22:00:00,22:00:00,PM,Noche,Nocturno
80880,22:28:00,22:28:00,22:15:00,22:00:00,22:00:00,PM,Noche,Nocturno
80940,22:29:00,22:29:00,22:15:00,22:00:00,22:00:00,PM,Noche,Nocturno
81000,22:30:00,22:30:00,22:30:00,22:30:00,22:00:00,PM,Noche,Nocturno
81060,22:31:00,22:31:00,22:30:00,22:30:00,22:00:00,PM,Noche,Nocturno
81120,22:32:00,22:32:00,22:30:00,22:30:00,22:00:00,PM,Noche,Nocturno
81180,22:33:00,22:33:00,22:30:00,22:30:00,22:00:00,PM,Noche,Nocturno
81240,22:34:00,22:34:00,22:30:00,22:30:00,22:00:00,PM,Noche,Nocturno
81300,22:35:00,22:35:00,22:30:00,22:30:00,22:00:00,PM,Noche,Nocturno
81360,22:36:00,22:36:00,22:30:00,22:30:00,22:00:00,PM,Noche,Nocturno
81420,22:37:00,22:37:00,22:30:00,22:30:00,22:00:00,PM,Noche,Nocturno
81480,22:38:00,22:38:00,22:30:00,22:30:00,22:00:00,PM,Noche,Nocturno
81540,22:39:00,22:39:00,22:30:00,22:30:00,22:00:00,PM,Noche,Nocturno
81600,22:40:00,22:40:00,22:30:00,22:30:00,22:00:00,PM,Noche,Nocturno
81660,22:41:00,22:41:00,22:30:00,22:30:00,22:00:00,PM,Noche,Nocturno
81720,22:42:00,22:42:00,22:30:00,22:30:00,22:00:00,PM,Noche,Nocturno
81780,22:43:00,22:43:00,22:30:00,22:30:00,22:00:00,PM,Noche,Nocturno
81840,22:44:00,22:44:00,22:30:00,22:30:00,22:00:00,PM,Noche,Nocturno
81900,22:45:00,22:45:00,22:45:00,22:30:00,22:00:00,PM,Noche,Nocturno
81960,22:46:00,22:46:00,22:45:00,22:30:00,22:00:00,PM,Noche,Nocturno
82020,22:47:00,22:47:00,22:45:00,22:30:00,22:00:00,PM,Noche,Nocturno
82080,22:48:00,22:48:00,22:45:00,22:30:00,22:00:00,PM,Noche,Nocturno
82140,22:49:00,22:49:00,22:45:00,22:30:00,22:00:00,PM,Noche,Nocturno
82200,22:50:00,22:50:00,22:45:00,22:30:00,22:00:00,PM,Noche,Nocturno
82260,22:51:00,22:51:00,22:45:00,22:30:00,22:00:00,PM,Noche,Nocturno
82320,22:52:00,22:52:00,22:45:00,22:30:00,22:00:00,PM,Noche,Nocturno
82380,22:53:00,22:53:00,22:45:00,22:30:00,22:00:00,PM,Noche,Nocturno
82440,22:54:00,22:54:00,22:45:00,22:30:00,22:00:00,PM,Noche,Nocturno
82500,22:55:00,22:55:00,22:45:00,22:30:00,22:00:00,PM,Noche,Nocturno
82560,22:56:00,22:56:00,22:45:00,22:30:00,22:00:00,PM,Noche,Nocturno
82620,22:57:00,22:57:00,22:45:00,22:30:00,22:00:00,PM,Noche,Nocturno
82680,22:58:00,22:58:00,22:45:00,22:30:00,22:00:00,PM,Noche,Nocturno
82740,22:59:00,22:59:00,22:45:00,22:30:00,22:00:00,PM,Noche,Nocturno
82800,23:00:00,23:00:00,23:00:00,23:00:00,23:00:00,PM,Noche,Nocturno
82860,23:01:00,23:01:00,23:00:00,23:00:00,23:00:00,PM,Noche,Nocturno
82920,23:02:00,23:02:00,23:00:00,23:00:00,23:00:00,PM,Noche,Nocturno
82980,23:03:00,23:03:00,23:00:00,23:00:00,23:00:00,PM,Noche,Nocturno
83040,23:04:00,23:04:00,23:00:00,23:00:00,23:00:00,PM,Noche,Nocturno
83100,23:05:00,23:05:00,23:00:00,23:00:00,23:00:00,PM,Noche,Nocturno
83160,23:06:00,23:06:00,23:00:00,23:00:00,23:00:00,PM,Noche,Nocturno
83220,23:07:00,23:07:00,23:00:00,23:00:00,23:00:00,PM,Noche,Nocturno
83280,23:08:00,23:08:00,23:00:00,23:00:00,23:00:00,PM,Noche,Nocturno
83340,23:09:00,23:09:00,23:00:00,23:00:00,23:00:00,PM,Noche,Nocturno
83400,23:10:00,23:10:00,23:00:00,23:00:00,23:00:00,PM,Noche,Nocturno
83460,23:11:00,23:11:00,23:00:00,23:00:00,23:00:00,PM,Noche,Nocturno
83520,23:12:00,23:12:00,23:00:00,23:00:00,23:00:00,PM,Noche,Nocturno
83580,23:13:00,23:13:00,23:00:00,23:00:00,23:00:00,PM,Noche,Nocturno
83640,23:14:00,23:14:00,23:00:00,23:00:00,23:00:00,PM,Noche,Nocturno
83700,23:15:00,23:15:00,23:15:00,23:00:00,23:00:00,PM,Noche,Nocturno
83760,23:16:00,23:16:00,23:15:00,23:00:00,23:00:00,PM,Noche,Nocturno
83820,23:17:00,23:17:00,23:15:00,23:00:00,23:00:00,PM,Noche,Nocturno
83880,23:18:00,23:18:00,23:15:00,23:00:00,23:00:00,PM,Noche,Nocturno
83940,23:19:00,23:19:00,23:15:00,23:00:00,23:00:00,PM,Noche,Nocturno
84000,23:20:00,23:20:00,23:15:00,23:00:00,23:00:00,PM,Noche,Nocturno
84060,23:21:00,23:21:00,23:15:00,23:00:00,23:00:00,PM,Noche,Nocturno
84120,23:22:00,23:22:00,23:15:00,23:00:00,23:00:00,PM,Noche,Nocturno
84180,23:23:00,23:23:00,23:15:00,23:00:00,23:00:00,PM,Noche,Nocturno
84240,23:24:00,23:24:00,23:15:00,23:00:00,23:00:00,PM,Noche,Nocturno
84300,23:25:00,23:25:00,23:15:00,23:00:00,23:00:00,PM,Noche,Nocturno
84360,23:26:00,23:26:00,23:15:00,23:00:00,23:00:00,PM,Noche,Nocturno
84420,23:27:00,23:27:00,23:15:00,23:00:00,23:00:00,PM,Noche,Nocturno
84480,23:28:00,23:28:00,23:15:00,23:00:00,23:00:00,PM,Noche,Nocturno
84540,23:29:00,23:29:00,23:15:00,23:00:00,23:00:00,PM,Noche,Nocturno
84600,23:30:00,23:30:00,23:30:00,23:30:00,23:00:00,PM,Noche,Nocturno
84660,23:31:00,23:31:00,23:30:00,23:30:00,23:00:00,PM,Noche,Nocturno
84720,23:32:00,23:32:00,23:30:00,23:30:00,23:00:00,PM,Noche,Nocturno
84780,23:33:00,23:33:00,23:30:00,23:30:00,23:00:00,PM,Noche,Nocturno
84840,23:34:00,23:34:00,23:30:00,23:30:00,23:00:00,PM,Noche,Nocturno
84900,23:35:00,23:35:00,23:30:00,23:30:00,23:00:00,PM,Noche,Nocturno
84960,23:36:00,23:36:00,23:30:00,23:30:00,23:00:00,PM,Noche,Nocturno
85020,23:37:00,23:37:00,23:30:00,23:30:00,23:00:00,PM,Noche,Nocturno
85080,23:38:00,23:38:00,23:30:00,23:30:00,23:00:00,PM,Noche,Nocturno
85140,23:39:00,23:39:00,23:30:00,23:30:00,23:00:00,PM,Noche,Nocturno
85200,23:40:00,23:40:00,23:30:00,23:30:00,23:00:00,PM,Noche,Nocturno
85260,23:41:00,23:41:00,23:30:00,23:30:00,23:00:00,PM,Noche,Nocturno
85320,23:42:00,23:42:00,23:30:00,23:30:00,23:00:00,PM,Noche,Nocturno
85380,23:43:00,23:43:00,23:30:00,23:30:00,23:00:00,PM,Noche,Nocturno
85440,23:44:00,23:44:00,23:30:00,23:30:00,23:00:00,PM,Noche,Nocturno
85500,23:45:00,23:45:00,23:45:00,23:30:00,23:00:00,PM,Noche,Nocturno
85560,23:46:00,23:46:00,23:45:00,23:30:00,23:00:00,PM,Noche,Nocturno
85620,23:47:00,23:47:00,23:45:00,23:30:00,23:00:00,PM,Noche,Nocturno
85680,23:48:00,23:48:00,23:45:00,23:30:00,23:00:00,PM,Noche,Nocturno
85740,23:49:00,23:49:00,23:45:00,23:30:00,23:00:00,PM,Noche,Nocturno
85800,23:50:00,23:50:00,23:45:00,23:30:00,23:00:00,PM,Noche,Nocturno
85860,23:51:00,23:51:00,23:45:00,23:30:00,23:00:00,PM,Noche,Nocturno
85920,23:52:00,23:52:00,23:45:00,23:30:00,23:00:00,PM,Noche,Nocturno
85980,23:53:00,23:53:00,23:45:00,23:30:00,23:00:00,PM,Noche,Nocturno
86040,23:54:00,23:54:00,23:45:00,23:30:00,23:00:00,PM,Noche,Nocturno
86100,23:55:00,23:55:00,23:45:00,23:30:00,23:00:00,PM,Noche,Nocturno
86160,23:56:00,23:56:00,23:45:00,23:30:00,23:00:00,PM,Noche,Nocturno
86220,23:57:00,23:57:00,23:45:00,23:30:00,23:00:00,PM,Noche,Nocturno
86280,23:58:00,23:58:00,23:45:00,23:30:00,23:00:00,PM,Noche,Nocturno
86340,23:59:00,23:59:00,23:45:00,23:30:00,23:00:00,PM,Noche,Nocturno
